R1-PA1:VH,R1-PM1:V,R1-PA2:VH,R1-PM2:V,R1-PA3:VH,R1-PM3:V,R1-PA4:IH,R1-PM4:I,R1-PA5:IH,R1-PM5:I,R1-PA6:IH,R1-PM6:I,R1-PA7:VH,R1-PM7:V,R1-PA8:VH,R1-PM8:V,R1-PA9:VH,R1-PM9:V,R1-PA10:IH,R1-PM10:I,R1-PA11:IH,R1-PM11:I,R1-PA12:IH,R1-PM12:I,R1:F,R1:DF,R1-PA:Z,R1-PA:ZH,R1:S,R2-PA1:VH,R2-PM1:V,R2-PA2:VH,R2-PM2:V,R2-PA3:VH,R2-PM3:V,R2-PA4:IH,R2-PM4:I,R2-PA5:IH,R2-PM5:I,R2-PA6:IH,R2-PM6:I,R2-PA7:VH,R2-PM7:V,R2-PA8:VH,R2-PM8:V,R2-PA9:VH,R2-PM9:V,R2-PA10:IH,R2-PM10:I,R2-PA11:IH,R2-PM11:I,R2-PA12:IH,R2-PM12:I,R2:F,R2:DF,R2-PA:Z,R2-PA:ZH,R2:S,R3-PA1:VH,R3-PM1:V,R3-PA2:VH,R3-PM2:V,R3-PA3:VH,R3-PM3:V,R3-PA4:IH,R3-PM4:I,R3-PA5:IH,R3-PM5:I,R3-PA6:IH,R3-PM6:I,R3-PA7:VH,R3-PM7:V,R3-PA8:VH,R3-PM8:V,R3-PA9:VH,R3-PM9:V,R3-PA10:IH,R3-PM10:I,R3-PA11:IH,R3-PM11:I,R3-PA12:IH,R3-PM12:I,R3:F,R3:DF,R3-PA:Z,R3-PA:ZH,R3:S,R4-PA1:VH,R4-PM1:V,R4-PA2:VH,R4-PM2:V,R4-PA3:VH,R4-PM3:V,R4-PA4:IH,R4-PM4:I,R4-PA5:IH,R4-PM5:I,R4-PA6:IH,R4-PM6:I,R4-PA7:VH,R4-PM7:V,R4-PA8:VH,R4-PM8:V,R4-PA9:VH,R4-PM9:V,R4-PA10:IH,R4-PM10:I,R4-PA11:IH,R4-PM11:I,R4-PA12:IH,R4-PM12:I,R4:F,R4:DF,R4-PA:Z,R4-PA:ZH,R4:S,control_panel_log1,control_panel_log2,control_panel_log3,control_panel_log4,relay1_log,relay2_log,relay3_log,relay4_log,snort_log1,snort_log2,snort_log3,snort_log4
-91.106019,132361.7923,148.888813,131734.9606,28.894262,132437.0121,-90.14345,265.69261,149.73679,266.05883,29.770887,265.69261,-91.106019,132186.2794,0,0,0,0,-90.212205,265.87572,0,0,0,0,59.999,0,14.16926384,-0.01768,0,-95.185479,131208.4219,144.84946,131208.4219,24.860639,131233.4952,76.42684,270.27036,-43.539063,270.08725,-163.58518,269.53792,-95.16256,131208.4219,0,0,0,0,76.43257,270.08725,0,0,0,0,60,0,13.77461253,-2.992792,0,-95.219856,131183.3486,144.815083,131158.2754,24.797613,131258.5685,76.512784,267.15749,-43.934404,267.52371,-163.779986,268.43926,-95.196938,131208.4219,0,0,0,0,76.266412,267.70682,0,0,0,0,60,0,13.98062893,-3.007192,0,-91.216739,132795.9063,148.840026,132638.9531,28.786929,132867.1563,-90.162049,264.141083,149.84528,264.484405,29.852602,264.358521,-91.194767,132767.9375,0,0,0,0,-90.151066,264.329895,0,0,0,0,60,0,14.30385947,-0.018219,0,0,0,0,0,0,0,0,0,0,0,0,0
-91.151856,132361.7923,148.854435,131734.9606,28.859884,132437.0121,-90.212205,265.69261,149.690954,266.24194,29.747969,265.69261,-91.146126,132186.2794,0,0,0,0,-90.258041,265.87572,0,0,0,0,60,0,14.1828493,-0.016431,0,-95.225586,131233.4952,144.809353,131208.4219,24.814802,131233.4952,76.421111,270.27036,-43.57917,270.08725,-163.596639,269.90414,-95.196938,131233.4952,0,0,0,0,76.421111,270.08725,0,0,0,0,60,0,13.78458008,-2.99505,0,-95.259963,131208.4219,144.774976,131158.2754,24.763236,131258.5685,76.466947,266.97438,-44.026077,267.52371,-163.825822,268.25615,-95.237045,131208.4219,0,0,0,0,76.209116,267.52371,0,0,0,0,60,0,14.00643801,-3.007245,0,-91.255193,132792.4219,148.801572,132644.25,28.748475,132883.8125,-90.211492,264.04953,149.823314,264.621735,29.819643,264.432922,-91.23322,132774.6563,0,0,0,0,-90.184021,264.364258,0,0,0,0,60,0,14.31822637,-0.017677,0,0,0,0,0,0,0,0,0,0,0,0,0
-91.180504,132361.7923,148.820058,131734.9606,28.825507,132437.0121,-90.28096,265.5095,149.662306,266.24194,29.673484,265.69261,-91.174774,132186.2794,0,0,0,0,-90.315337,265.69261,0,0,0,0,60,0,14.19384399,-0.015464,0,-95.259963,131208.4219,144.780705,131208.4219,24.780425,131233.4952,76.363815,270.08725,-43.619277,270.45347,-163.659665,269.72103,-95.231315,131208.4219,0,0,0,0,76.363815,270.08725,0,0,0,0,60,0,13.80685765,-2.99321,0,-95.29434,131183.3486,144.746328,131158.2754,24.734588,131258.5685,76.42684,267.15749,-44.054725,267.70682,-163.85447,268.43926,-95.271422,131208.4219,0,0,0,0,76.174739,267.70682,0,0,0,0,60,0,13.99501236,-3.006966,0,-91.288149,132798.0625,148.774115,132645.5156,28.715515,132874.3594,-90.244448,263.849243,149.78486,264.633179,29.770203,264.604553,-91.260685,132771.6094,0,0,0,0,-90.227967,264.358521,0,0,0,0,60,0,14.33857012,-0.018583,0,0,0,0,0,0,0,0,0,0,0,0,0
-91.191963,132361.7923,148.808599,131734.9606,28.814048,132437.0121,-90.252312,265.69261,149.633658,266.24194,29.662025,265.69261,-91.191963,132186.2794,0,0,0,0,-90.315337,265.87572,0,0,0,0,59.999,0,14.1751702,-0.016788,0,-95.271422,131233.4952,144.763517,131208.4219,24.763236,131258.5685,76.358085,270.27036,-43.642195,270.27036,-163.676853,269.72103,-95.242774,131233.4952,0,0,0,0,76.346626,270.08725,0,0,0,0,60,0,13.78554266,-2.993777,0,-95.3058,131183.3486,144.729139,131158.2754,24.723129,131258.5685,76.403922,266.97438,-44.037536,267.70682,-163.837282,268.43926,-95.282881,131208.4219,0,0,0,0,76.174739,267.70682,0,0,0,0,60,0,14.0161242,-3.006363,0,-91.299139,132792.7656,148.757627,132643.3125,28.704529,132875.4375,-90.266421,264.24408,149.779369,264.318481,29.781189,264.541626,-91.277166,132768.4844,0,0,0,0,-90.233465,264.369965,0,0,0,0,60,0,14.29024146,-0.018164,0,0,0,0,0,0,0,0,0,0,0,0,0
-164.410239,138404.4504,75.601781,137727.4721,-44.39277,138479.6702,-151.719224,223.94353,77.950908,257.81888,-30.097473,216.98535,-164.40451,138203.8642,0,0,0,0,-155.025191,231.81726,-95.019321,20.69143,39.998184,19.22655,59.995,-0.21,23.01838871,-0.25775,0,-168.19749,137401.5196,71.854637,137376.4463,-48.145644,137451.6661,13.561911,228.52128,-116.465131,261.29797,135.292524,219.91511,-168.163113,137426.5929,0,0,0,0,10.410643,235.66257,69.465403,20.87454,-153.226103,18.86033,59.993,-0.26,22.14340362,3.084539,0,-168.220409,137401.5196,71.8088,137351.3731,-48.185751,137451.6661,13.229595,225.95774,-116.88912,259.64998,134.902913,221.01377,-168.19749,137401.5196,0,0,0,0,10.038221,234.56391,69.820637,19.77588,-156.337264,19.40966,59.995,-0.25,22.61122426,3.072522,0,-164.523015,138859.0781,75.550232,138698.0625,-44.502869,138962.8594,-151.998606,224.292755,77.978214,256.101624,-30.363466,217.832565,-164.490052,138838.6563,0,0,0,0,-155.168156,231.765747,-96.177069,19.758224,39.009707,18.556595,59.997002,-0.19,22.76593759,-0.256599,0,0,0,0,0,0,0,0,0,0,0,0,0
-167.017197,132361.7923,72.989094,131709.8873,-47.005458,132411.9389,-161.625664,255.98778,74.570457,267.88993,-41.315987,254.70601,-167.011468,132161.2062,0,0,0,0,-162.834605,259.46687,-102.616741,7.3244,25.38776,7.3244,60,0,15.91961291,-0.110679,0,-171.159682,131183.3486,68.886716,131158.2754,-51.113565,131208.4219,5.059217,261.11486,-118.6481,272.28457,125.334518,258.91754,-171.131034,131183.3486,0,0,0,0,3.873195,263.86151,62.767526,7.50751,-167.280758,6.95818,59.999,0,15.38686393,-3.08978,0,-171.18833,131158.2754,68.846609,131108.1288,-51.159402,131208.4219,4.789927,257.81888,-119.014793,271.18591,125.30587,258.00199,-171.171141,131158.2754,0,0,0,0,3.644012,262.21352,63.924901,7.3244,-167.956848,8.05684,59.999,0,15.80400451,-3.08972,0,-167.137762,132765.25,72.935485,132620.2969,-47.123111,132850.0156,-161.694033,255.065918,74.484558,266.658783,-41.333313,254.322052,-167.110291,132744.0938,0,0,0,0,-162.897034,258.539185,-104.208073,7.232666,23.683778,7.329941,60,0,16.03585777,-0.114363,0,0,0,0,0,0,0,0,0,0,0,0,0
-167.085952,132361.7923,72.931798,131709.8873,-47.074212,132411.9389,-162.267377,258.00199,74.220953,268.43926,-41.940511,256.72022,-167.074493,132161.2062,0,0,0,0,-163.361727,260.93175,-105.338291,6.77507,24.178819,6.59196,60,0,15.67395273,-0.100052,0,-171.222708,131158.2754,68.82369,131158.2754,-51.170861,131208.4219,4.417505,262.94596,-118.79134,272.28457,124.778749,261.11486,-171.19406,131183.3486,0,0,0,0,3.437747,265.32639,60.080354,6.59196,-167.888093,6.22574,60,0,15.13319495,-3.078057,0,-171.251355,131158.2754,68.783583,131108.1288,-51.233886,131208.4219,4.302913,259.46687,-119.203869,271.36902,124.76729,259.64998,-171.228437,131158.2754,0,0,0,0,3.248671,263.31218,62.486777,6.59196,-169.389243,7.3244,60,0,15.56296299,-3.081715,0,-167.203673,132779.0625,72.869567,132621.8125,-47.189026,132861.5313,-162.298286,256.937012,74.314275,267.065064,-41.904604,255.844116,-167.176216,132752.4688,0,0,0,0,-163.330997,259.832398,-106.042792,6.551743,24.43634,6.528854,60,0,15.77420759,-0.100882,0,0,0,0,0,0,0,0,0,0,0,0,0
-167.108871,132361.7923,72.90315,131709.8873,-47.097131,132411.9389,-162.519479,258.73443,74.163657,268.80548,-42.129587,257.26955,-167.103141,132161.2062,0,0,0,0,-163.527884,261.48108,-105.710713,6.59196,25.737264,6.40885,60,0,15.59202287,-0.093298,0,-171.245626,131183.3486,68.800772,131133.2021,-51.199509,131208.4219,4.314372,263.49529,-118.848635,272.46768,124.572484,261.29797,-171.216978,131183.3486,0,0,0,0,3.317426,265.69261,60.647583,6.40885,-168.042792,5.85952,60,0,15.04977455,-3.075908,0,-171.274274,131158.2754,68.760665,131108.1288,-51.256804,131208.4219,4.027893,260.19931,-119.221058,271.55213,124.389137,260.74864,-171.257085,131158.2754,0,0,0,0,3.036676,264.04462,64.406186,6.22574,-169.704369,6.77507,59.999,0,15.42441351,-3.076654,0,-167.225653,132765.7813,72.842103,132630.5313,-47.210998,132862.2188,-162.518013,257.509216,74.17694,267.242432,-42.217713,256.885529,-167.198181,132750.6094,0,0,0,0,-163.550724,260.438904,-105.586856,6.214142,22.228089,6.29425,60,0,15.68400437,-0.09932,0,0,0,0,0,0,0,0,0,0,0,0,0
-108.667175,131935.5467,131.350575,131283.6417,11.350294,131985.6933,-107.38948,338.7535,130.210389,348.27522,12.89728,337.83795,-108.649987,131734.9606,0,0,0,0,-108.105677,341.50015,-50.718224,6.04263,79.864587,6.04263,60,0,11.64084714,-0.032465,0,-114.007142,130355.9307,126.033526,130330.8575,6.033246,130381.004,62.383645,344.42991,-59.948574,352.85297,-177.330438,342.4157,-113.972765,130355.9307,0,0,0,0,61.690366,346.44412,116.447942,6.22574,-109.429209,5.67641,60,0,11.26539103,-3.087071,0,-114.03006,130305.7842,125.999149,130280.7109,5.987409,130381.004,62.102895,341.50015,-60.14338,351.5712,-177.290331,339.66905,-114.012872,130330.8575,0,0,0,0,61.541397,344.06369,116.264596,6.22574,-103.109485,6.59196,60,0,11.45193485,-3.077686,0,-108.778385,132341.5469,131.283872,132184.4063,11.225281,132418.7813,-107.410585,337.692261,130.311595,346.504211,12.922668,336.851135,-108.750921,132312.8125,0,0,0,0,-108.069767,340.278626,-52.330628,5.693436,79.966735,5.870819,60,0,11.68940072,-0.033645,0,0,0,0,0,0,0,0,0,0,0,0,0
-122.572861,125341.2767,117.43343,124739.5183,-2.543933,125391.4233,-135.859752,761.55449,103.45326,767.04779,-15.962604,761.92071,-122.561402,125140.6906,0,0,0,0,-136.123313,763.38559,-66.995955,3.47909,38.216285,3.29598,59.997,0.02,4.728173902,0.227117,0,-134.782592,118997.7394,105.240888,118972.6662,-14.730745,118997.7394,39.946617,772.7242,-80.712565,777.30195,159.878143,773.09042,-134.753944,118997.7394,0,0,0,0,39.700246,774.37219,103.877248,3.29598,-148.699737,3.11287,59.997,0.03,4.421063753,-3.054706,0,-134.799781,118972.6662,105.20651,118922.5196,-14.782311,119047.886,0,0,0,0,0,0,-134.794051,118972.6662,0,0,0,0,0,0,0,0,0,0,59.997,0.03,inf,0,0,-82.339788,134577.4844,157.733465,134418.5156,37.674866,134653.7813,0,0,0,0,0,0,-82.312317,134550.1094,0,0,0,0,0,0,0,0,0,0,60.018002,-0.02,inf,0,0,0,0,0,0,0,0,1,1,0,0,0,0
-106.415451,134543.1668,133.596569,133891.2618,13.602018,134593.3134,-110.208432,336.9224,129.826507,337.28862,9.757471,336.55618,-106.398263,134342.5807,0,0,0,0,-110.202702,336.9224,0,0,0,0,59.993,0,11.34366091,0.068163,0,-111.45748,132487.1587,128.566,132462.0854,8.577178,132512.232,59.146433,344.79613,-60.779363,344.42991,179.19255,344.2468,-111.434562,132487.1587,0,0,0,0,59.19227,344.42991,0,0,0,0,59.988,0.01,10.90722995,-2.975767,0,-111.486128,132437.0121,128.531622,132411.9389,8.525612,132512.232,64.704124,349.7401,-52.184996,341.31704,-171.669615,337.65484,-111.474669,132462.0854,0,0,0,0,66.9272,342.78192,13.596288,7.14129,-5.2884,8.23995,59.986,0,10.72011195,-3.009922,0,-106.273502,133843.4531,133.788762,133705.4063,13.730164,133926.1563,-104.674992,349.639893,138.315128,339.574829,18.690492,338.184357,-106.251529,133822.6875,0,0,0,0,-102.576601,342.344299,-157.68952,7.289886,-169.554747,7.387161,59.984001,0.03,10.78537957,0.029945,0,0,0,0,0,0,0,0,0,0,0,0,0
-108.87344,132411.9389,131.14431,131760.0339,11.13257,132462.0854,-112.712258,359.07871,129.471273,351.38809,9.866333,349.00766,-108.861981,132211.3527,0,0,0,0,-111.136624,353.03608,-161.00114,5.67641,-179.501948,6.04263,59.997,0.01,10.4259567,0.113418,0,-114.350917,130305.7842,125.689752,130280.7109,5.70093,130305.7842,57.318698,366.76933,-60.332456,358.34627,179.839993,357.43072,-114.316539,130305.7842,0,0,0,0,58.928709,360.7267,2.652795,5.85952,-4.835764,6.04263,59.999,0.01,10.01459057,-2.951562,0,-114.368106,130255.6377,125.661104,130230.5644,5.643634,130330.8575,61.604422,338.02106,-56.316022,333.07709,-175.80637,329.598,-114.356646,130280.7109,0,0,0,0,63.151408,333.44331,13.899956,4.57775,-13.051979,5.67641,59.997,0,10.96628189,-3.024188,0,-109.239812,131765.5469,130.822452,131613.5938,10.769349,131845.1719,-108.102722,338.745117,134.38751,330.339417,14.729919,329.32663,-109.212341,131739.6875,0,0,0,0,-106.344912,332.725525,-160.73823,6.019592,-173.053894,5.98526,59.999001,0,10.97820912,0.028547,0,0,0,0,0,0,0,0,0,0,0,0,0
-109.629745,131935.5467,130.388005,131308.715,10.381995,132010.7666,-111.337159,349.92321,129.797859,346.81034,10.101246,344.97924,-109.618285,131760.0339,0,0,0,0,-110.483452,347.17656,0,0,174.671913,3.29598,59.999,0,10.72573633,0.055514,0,-114.998359,130280.7109,125.03658,130280.7109,5.047758,130305.7842,58.579205,355.41651,-60.189216,351.38809,-179.994691,349.92321,-114.969711,130280.7109,0,0,0,0,59.45583,352.30364,0,0,-9.344942,3.47909,60,0,10.39431764,-3.003118,0,-115.015548,130255.6377,125.007932,130230.5644,4.990462,130330.8575,58.974546,348.82455,-59.885549,346.99345,-179.46757,344.06369,-115.004089,130280.7109,0,0,0,0,59.87409,346.62723,0,0,-24.471027,3.47909,60,0,10.66856785,-3.008514,0,-109.783632,132219.375,130.278632,132065.9375,10.225525,132305.6094,-110.893251,346.715942,130.542305,342.018127,10.851746,341.04538,-109.756168,132197.5781,0,0,0,0,-109.838567,343.225464,-162.402651,3.679276,179.123842,3.679276,60,0,10.82390615,0.048722,0,0,0,0,0,0,0,0,0,0,0,0,0
-109.750066,131960.62,130.267684,131308.715,10.261674,132010.7666,-111.371536,349.7401,129.723374,346.81034,9.757471,345.71168,-109.732877,131760.0339,0,0,0,0,-110.632421,347.35967,0,0,0,0,60,0,10.69707049,0.050334,0,-115.095762,130330.8575,124.939177,130305.7842,4.938896,130355.9307,58.487532,354.86718,-60.378292,351.38809,179.593621,350.83876,-115.067114,130330.8575,0,0,0,0,59.232377,352.30364,0,0,0,0,60,0,10.39464833,-3.008266,0,-115.11868,130305.7842,124.904799,130280.7109,4.89306,130381.004,58.470343,349.92321,-60.424129,348.82455,179.937396,346.0779,-115.107221,130330.8575,0,0,0,0,59.32405,348.27522,0,0,-26.923287,3.29598,59.999,0,10.64993434,-3.003304,0,-109.877014,132305.2656,130.18525,132164.8594,10.132142,132386.4063,-111.14594,347.12793,130.064396,343.975067,10.263977,342.750549,-109.84955,132283.0781,0,0,0,0,-110.267032,344.604492,0,0,176.607983,3.135681,60,0,10.83099571,0.04713,0,0,0,0,0,0,0,0,0,0,0,0,0
-109.921953,131960.62,130.095797,131308.715,10.101246,132010.7666,-111.520505,349.7401,129.350952,346.99345,9.293375,346.44412,-109.910494,131760.0339,0,0,0,0,-110.953277,347.72589,0,0,0,0,60,0,10.6799275,0.044624,0,-115.26192,130381.004,124.773019,130355.9307,4.784198,130381.004,58.361481,354.31785,-60.716338,351.5712,179.158173,351.02187,-115.233272,130355.9307,0,0,0,0,58.928709,352.30364,0,0,0,0,60,0,10.40815959,-3.013097,0,-115.290568,130330.8575,124.732912,130280.7109,4.726902,130406.0773,58.178135,350.47254,-60.939791,349.92321,179.347249,347.909,-115.273379,130355.9307,0,0,0,0,58.859954,349.37388,0,0,0,0,60,0,10.63277033,-3.007293,0,-110.041813,132347.9219,130.020451,132204.0469,9.972839,132427.7969,-111.382142,347.316742,129.372252,345.565796,9.516907,345.050812,-110.014349,132325.3438,0,0,0,0,-110.832831,345.966339,0,0,0,0,60,0,10.84139027,0.038246,0,0,0,0,0,0,0,0,0,0,0,0,0
-109.939142,131960.62,130.084338,131308.715,10.084057,132010.7666,-111.514776,349.37388,129.299386,347.17656,9.270457,346.0779,-109.921953,131760.0339,0,0,0,0,-110.981925,347.54278,0,0,0,0,60,0,10.70428241,0.044454,0,-115.273379,130381.004,124.76156,130330.8575,4.767009,130381.004,58.338563,354.50096,-60.733526,351.02187,179.152443,351.02187,-115.244731,130355.9307,0,0,0,0,58.911521,352.30364,0,0,0,0,60,0,10.38945701,-3.013616,0,-115.296297,130330.8575,124.727182,130305.7842,4.715443,130406.0773,58.126568,350.65565,-60.95125,350.10632,179.20401,347.72589,-115.284838,130355.9307,0,0,0,0,58.791199,349.55699,0,0,0,0,60,0,10.60477524,-3.005439,0,-110.052796,132352.8594,130.009468,132196.9375,9.961853,132431.1719,-111.404115,347.190857,129.377744,345.090881,9.5224,345.136658,-110.025332,132328.625,0,0,0,0,-110.832831,345.794678,0,0,0,0,60,0,10.84114329,0.037675,0,0,0,0,0,0,0,0,0,0,0,0,0
118.92885,130782.1763,-1.054242,130155.3446,-121.043064,130857.3961,118.459024,435.61869,-4.532096,450.4506,-121.23214,433.78759,118.940309,130606.6634,0,0,0,0,117.536562,439.83022,174.872449,9.88794,-55.021137,9.52172,60,0,9.073268473,-0.005023,0,111.973142,128600.8018,-7.981302,128575.7286,-127.970124,128625.8751,-69.396648,441.47821,167.733395,456.49323,51.03908,438.73156,112.00179,128600.8018,0,0,0,0,-70.238896,445.50663,-13.899956,9.88794,120.727937,9.70483,60,0,8.806856268,-3.126863,0,111.950224,128550.6553,-8.021409,128550.6553,-128.010231,128625.8751,-69.528428,439.83022,167.5214,452.83103,50.597903,437.26668,111.967412,128575.7286,0,0,0,0,-70.496727,443.1262,-13.132193,9.70483,114.471238,8.78928,60,0,8.76905665,-3.130171,0,118.8089,131199.7344,-1.117859,131057.2344,-121.170957,131278.625,118.369446,433.805481,-4.529114,448.877319,-121.324773,432.78122,118.836371,131179.4219,0,0,0,0,117.479554,438.354492,176.075132,9.321213,-55.099184,9.521484,60,0,9.138722323,-0.005624,0,0,0,0,0,0,0,0,0,0,0,0,0
118.911661,130857.3961,-1.065701,130230.5644,-121.065982,130907.5427,118.407458,436.16802,-4.555014,450.4506,-121.318084,434.15381,118.92885,130681.8832,0,0,0,0,117.484996,440.19644,174.757857,9.70483,-55.617013,9.33861,60,0,9.049147604,-0.004522,0,111.973142,128650.9484,-7.992761,128625.8751,-127.981583,128676.0216,-69.499781,441.84443,167.65891,456.31012,50.821356,439.464,111.990331,128650.9484,0,0,0,0,-70.370676,445.68974,-12.920198,9.70483,118.79134,9.33861,60,0,8.77619366,-3.126627,0,111.944494,128625.8751,-8.032868,128600.8018,-128.01596,128701.0949,-69.654479,440.19644,167.429727,452.64792,50.50623,437.08357,111.961683,128650.9484,0,0,0,0,-70.59413,443.1262,-14.52448,9.70483,114.809283,8.42306,60,0,8.758037697,-3.127056,0,118.8089,131259.5781,-1.145325,131100.8125,-121.187445,131349.6875,118.17719,435.058594,-4.584046,449.123383,-121.412664,432.884216,118.819883,131236.7656,0,0,0,0,117.369698,438.886658,173.724058,9.275436,-52.797547,9.149551,60,0,9.09716749,0.001071,0,0,0,0,0,0,0,0,0,0,0,0,0
118.865824,131032.909,-1.111538,130381.004,-121.117548,131083.0556,117.84023,438.36534,-4.675336,450.4506,-121.707695,435.25247,118.883013,130832.3229,0,0,0,0,117.129762,441.2951,170.91904,8.78928,-51.434421,8.23995,60,0,8.958589671,0.010588,0,111.950224,128851.5345,-8.021409,128826.4613,-128.010231,128876.6078,-70.026902,443.85864,167.567237,455.76079,50.380179,440.92888,111.961683,128851.5345,0,0,0,0,-70.714451,446.7884,-15.974063,8.42306,120.441458,8.05684,59.999,0,8.679408986,-3.113993,0,111.915846,128826.4613,-8.055787,128801.388,-128.044608,128901.6811,-70.067009,441.66132,167.309406,452.46481,50.0937,439.09778,111.933035,128826.4613,0,0,0,0,-70.909257,444.22486,-15.658937,8.60617,113.646179,7.69062,60,0,8.691742975,-3.119855,0,118.759463,131442.1406,-1.18927,131286.7188,-121.236882,131522.0156,117.836609,436.225891,-4.666443,448.814392,-121.813665,435.00708,118.775938,131416.8281,0,0,0,0,117.095028,439.905151,173.323058,8.131027,-55.055238,8.319855,60,0,9.030506767,0.005288,0,0,0,0,0,0,0,0,0,0,0,0,0
118.819988,131133.2021,-1.157375,130506.3704,-121.157655,131183.3486,117.519373,439.464,-4.744091,450.26749,-122.188979,437.81601,118.831447,130957.6892,0,0,0,0,116.849013,442.39376,172.110792,7.50751,-55.3821,7.3244,60,0,8.880533203,0.013262,0,111.915846,128976.9009,-8.055787,128926.7543,-128.044608,128976.9009,-70.330569,444.77419,167.492752,455.39457,49.984838,443.1262,111.938764,128951.8276,0,0,0,0,-70.966553,447.70395,-15.572993,7.3244,117.473537,7.14129,60,0,8.620961623,-3.111047,0,111.875739,128926.7543,-8.084434,128901.6811,-128.078985,129001.9742,-70.490998,443.30931,167.263569,452.2817,49.612415,440.74577,111.898657,128951.8276,0,0,0,0,-71.218654,445.32352,-16.145951,7.50751,113.101869,6.40885,60,0,8.595502002,-3.1108,0,118.715518,131551.1563,-1.233215,131401.9844,-121.280828,131631.8125,117.397155,437.753662,-4.776306,448.797241,-122.242136,437.055603,118.731992,131527.9375,0,0,0,0,116.776427,441.112518,172.081603,6.980896,-55.582584,7.427216,60,0,8.953154051,0.013361,0,0,0,0,0,0,0,0,0,0,0,0,0
118.819988,131158.2754,-1.174563,130531.4436,-121.163385,131208.4219,117.490726,439.28089,-4.761279,450.26749,-122.206168,437.99912,118.825717,130957.6892,0,0,0,0,116.826094,442.39376,172.454567,7.3244,-55.66285,7.3244,60,0,8.890789468,0.013423,0,111.910117,128976.9009,-8.061516,128951.8276,-128.050338,129001.9742,-70.427972,444.9573,167.458375,455.76079,49.979108,442.94309,111.933035,128976.9009,0,0,0,0,-71.018119,447.88706,-17.085601,7.3244,119.811205,7.3244,60,0,8.625752655,-3.107266,0,111.875739,128926.7543,-8.101623,128901.6811,-128.096174,129001.9742,-70.548293,443.49242,167.223462,452.46481,49.606686,440.56266,111.892928,128951.8276,0,0,0,0,-71.253031,445.32352,-16.919444,7.50751,114.505615,6.40885,60,0,8.596248126,-3.108632,0,118.710027,131557.6719,-1.238708,131401.7031,-121.286319,131638.1719,117.331244,438.096985,-4.809265,448.533997,-122.275085,436.820984,118.726501,131531.7188,0,0,0,0,116.732482,441.055298,170.285345,7.015228,-54.890443,7.24411,60,0,8.936507917,0.015367,0,0,0,0,0,0,0,0,0,0,0,0,0
118.78561,131183.3486,-1.197482,130556.5169,-121.180574,131258.5685,117.273002,440.92888,-4.852953,450.4506,-122.423892,438.73156,118.797069,131007.8358,0,0,0,0,116.648478,443.30931,170.157006,7.14129,-55.101351,6.77507,59.999,0,8.82094481,0.0182,0,111.875739,129027.0474,-8.072975,129001.9742,-128.073256,129027.0474,-70.708722,446.42218,167.475564,455.21146,49.715548,444.40797,111.904387,129027.0474,0,0,0,0,-71.184276,448.6195,-20.110819,6.40885,120.395622,6.22574,59.999,0,8.545956633,-3.101762,0,111.85855,128976.9009,-8.118812,128951.8276,-128.113363,129052.1207,-70.748829,444.40797,167.194814,452.2817,49.400421,442.02754,111.87001,129001.9742,0,0,0,0,-71.396271,446.23907,-18.615399,6.77507,112.488804,5.85952,60,0,8.551169205,-3.105861,0,118.671573,131594.5,-1.255188,131444.4531,-121.308299,131668.7344,117.193916,438.88092,-4.86969,448.6828,-122.533266,438.428894,118.699044,131569.0781,0,0,0,0,116.584171,441.930786,171.6092,6.448746,-58.526921,6.786346,60,0,8.891061441,0.015032,0,0,0,0,0,0,0,0,0,0,0,0,0
118.734044,131233.4952,-1.243318,130606.6634,-121.249329,131308.715,116.808906,442.57687,-4.933167,450.81682,-122.882258,440.74577,118.745503,131057.9823,0,0,0,0,116.321892,444.59108,169.727288,6.04263,-53.863762,5.85952,60,0,8.73778261,0.027897,0,111.829903,129052.1207,-8.118812,129052.1207,-128.119093,129077.194,-70.949364,447.52084,167.360972,455.39457,49.308748,445.87285,111.852821,129052.1207,0,0,0,0,-71.436378,449.53505,-17.704396,5.67641,117.15841,5.4933,59.999,0,8.480085212,-3.099322,0,111.801255,129001.9742,-8.176108,129001.9742,-128.1592,129102.2672,-71.081144,445.50663,167.12033,452.09859,49.016539,442.94309,111.818443,129027.0474,0,0,0,0,-71.654102,446.7884,-18.489348,6.04263,112.357024,4.94397,59.999,0,8.482044082,-3.09923,0,118.622136,131649,-1.315613,131487.25,-121.363227,131723.6875,116.743478,440.340027,-4.946594,448.734283,-122.939758,439.453125,118.644102,131621.0938,0,0,0,0,116.276553,442.783356,170.060126,5.527496,-55.148621,5.796432,60,0,8.812643086,0.026073,0,0,0,0,0,0,0,0,0,0,0,0,0
118.671019,131258.5685,-1.306344,130631.7367,-121.306624,131308.715,116.488049,443.67553,-5.001922,450.4506,-123.208844,442.02754,118.682478,131057.9823,0,0,0,0,116.081249,445.32352,167.326595,5.12708,-53.932517,4.94397,60,0,8.672504284,0.033229,0,111.766877,129077.194,-8.193296,129052.1207,-128.182118,129102.2672,-71.293138,448.43639,167.240651,455.39457,48.810275,447.52084,111.795525,129077.194,0,0,0,0,-71.757234,450.4506,-14.134869,4.76086,113.49148,4.57775,60,0,8.412527628,-3.09482,0,111.743959,129027.0474,-8.233404,129027.0474,-128.210766,129127.3405,-71.459296,446.97151,167.011468,452.2817,48.609739,444.77419,111.761148,129077.194,0,0,0,0,-71.95204,447.88706,-19.469106,5.12708,110.735553,4.21153,60,0,8.410942755,-3.092776,0,118.561716,131662.5625,-1.381531,131500.7188,-121.429139,131742.1406,116.369935,441.896423,-5.018006,448.556885,-123.296813,441.009522,118.583682,131637.3906,0,0,0,0,116.01288,443.778992,166.506051,4.606247,-54.808047,4.880905,60.000999,0,8.730449931,0.033091,0,0,0,0,0,0,0,0,0,0,0,0,0
-88.384469,135671.464,151.650469,135646.3907,31.650189,135746.6838,-86.396306,515.82087,151.999974,526.62436,34.377468,513.80666,-88.367281,135696.5372,0,0,0,0,-86.682785,518.75063,-40.851891,6.95818,110.580855,8.05684,59.957,0.07,7.81179346,-0.035752,0,-96.045232,135145.3438,144.011533,134998.2969,23.958436,135229.3906,86.629946,517.63916,-34.851382,526.548401,-152.619334,514.080078,-96.023259,135123.2188,0,0,0,0,86.377263,519.34436,129.597471,6.866455,-73.512267,7.152557,59.964001,0,7.71474249,3.095854,0,-96.050645,134668.5332,143.984294,134643.4599,23.989743,134693.6064,74.157927,464.55007,-45.532956,464.18385,-165.842634,464.55007,-96.021997,134668.5332,0,0,0,0,74.266789,464.36696,0,0,0,0,59.964,0,8.206007234,-2.96748,0,-89.484548,138128.6444,150.544661,137476.7394,30.532921,138203.8642,-97.769518,453.92969,142.465956,453.19725,22.184926,453.74658,-89.473089,137928.0583,0,0,0,0,-97.706493,453.56347,0,0,0,0,59.975,0,8.608983579,0.146649,0,0,0,0,0,0,0,0,0,0,0,0,0
-93.558278,131860.3269,146.470931,131835.2537,26.47065,131935.5467,-92.194639,477.00155,146.270396,486.15705,28.573405,474.62112,-93.53536,131885.4002,0,0,0,0,-92.458199,479.19887,-48.076889,6.22574,105.630499,7.14129,59.98,0,8.190775725,-0.02403,0,-100.857244,131149.8906,139.210511,131003.1172,19.15741,131228.9219,80.631408,478.654846,-40.904849,486.637116,-158.793647,475.49057,-100.829773,131124.5156,0,0,0,0,80.301824,480.188355,126.614686,6.311417,-82.488099,6.185532,59.979,0.03,8.075432145,3.114644,0,-100.857761,130681.8832,139.188637,130656.81,19.182627,130706.9565,71.596806,532.8501,-48.317531,532.8501,-168.420944,533.03321,-100.829113,130681.8832,0,0,0,0,71.625454,532.8501,0,0,0,0,59.977,0.03,6.961419939,-3.009237,0,-93.065535,134367.6539,146.946486,133715.7489,26.957664,134417.8005,-101.614065,523.51149,138.432333,523.87771,18.391945,523.14527,-93.059805,134167.0678,0,0,0,0,-101.591147,523.51149,0,0,0,0,59.982,0.02,7.293349384,0.150843,0,0,0,0,0,0,0,0,0,0,0,0,0
-95.471957,130130.2713,144.540063,130105.198,24.534053,130180.4178,-94.990673,477.55088,143.611871,486.70638,25.863315,475.35356,-95.460498,130130.2713,0,0,0,0,-95.185479,479.7482,-52.001649,6.04263,105.773739,6.95818,59.99,0.03,8.073591959,-0.006897,0,-102.884219,129211.6563,137.167055,129052.0078,17.130432,129294.6094,77.967224,479.948059,-43.349305,487.426758,-161.463322,477.813721,-102.856754,129185.6016,0,0,0,0,77.714541,481.676086,123.423158,5.344391,-85.053409,5.722046,59.987999,0.03,7.911978824,3.125898,0,-102.891761,128751.2415,137.143178,128726.1682,17.165816,128776.3147,70.571212,545.48469,-49.807221,547.4989,-167.813609,536.14608,-102.857383,128751.2415,0,0,0,0,70.978012,542.92115,82.523111,6.77507,-58.046354,6.77507,59.988,0.03,6.902447924,-3.008255,0,-94.750031,132462.0854,145.25626,131810.1804,25.261709,132512.232,-102.943327,536.87852,136.644705,538.89273,18.770097,526.99058,-94.744301,132261.4993,0,0,0,0,-102.513609,534.13187,-90.899754,7.14129,128.806642,6.95818,59.99,0.02,7.227246274,0.163466,0,0,0,0,0,0,0,0,0,0,0,0,0
-97.053321,129804.3188,142.975888,129804.3188,22.964148,129879.5386,-100.015513,501.53829,139.137071,507.76403,20.620751,500.25652,-97.041862,129829.3921,0,0,0,0,-100.089997,503.18628,-59.490208,3.84531,102.290155,4.94397,60,0.01,7.560765326,0.053387,0,-104.806828,128073.8047,135.244453,127936.9297,15.19684,128150.6406,73.248602,506.532654,-47.655948,512.145996,-166.50056,506.166443,-104.784855,128051.8203,0,0,0,0,73.034366,508.260742,124.708558,3.393173,-95.627751,3.913879,60,0,7.340779305,-3.110541,0,-104.81117,127622.9443,135.21804,127597.871,15.229218,127648.0176,71.109792,527.72302,-49.904624,533.03321,-168.535535,526.25814,-104.782522,127622.9443,0,0,0,0,70.892068,529.00479,114.900956,4.21153,-96.5262,4.39464,60,0,7.033413894,-3.073057,0,-96.732465,130631.7367,143.273826,129979.8317,23.296464,130681.8832,-102.238589,521.13106,136.650434,526.44125,18.145573,518.38441,-96.721005,130431.1505,0,0,0,0,-102.484961,521.8635,-58.77974,4.94397,92.893647,4.39464,59.999,0,7.298514689,0.094706,0,0,0,0,0,0,0,0,0,0,0,0,0
-97.059051,130055.0515,142.975888,130029.9782,22.964148,130105.198,-100.485338,504.65116,138.718812,510.69379,20.019145,503.73561,-97.041862,130055.0515,0,0,0,0,-100.582741,506.29915,-56.923357,3.47909,99.413907,4.39464,60,0,7.507130612,0.060717,0,-104.834292,128202.8438,135.222473,128067.4922,15.18036,128275.4688,72.853093,510.063171,-47.864685,514.057129,-166.813669,509.187683,-104.81232,128180.0781,0,0,0,0,72.726748,511.075989,0,0,-92.848205,3.330231,60,0,7.273887182,-3.102569,0,-104.828358,127773.3839,135.200851,127723.2374,15.212029,127773.3839,71.298868,524.42704,-49.658252,530.10345,-168.438133,523.32838,-104.79971,127748.3107,0,0,0,0,71.069685,525.89192,121.025875,3.84531,-97.036132,4.02842,60,0,7.075911136,-3.076402,0,-96.78976,130656.81,143.210801,130029.9782,23.21625,130706.9565,-101.946381,517.46886,136.919724,523.14527,18.214328,516.3702,-96.784031,130456.2238,0,0,0,0,-102.272966,518.93374,-50.586444,4.39464,84.081556,4.21153,60,0,7.335523272,0.085127,0,0,0,0,0,0,0,0,0,0,0,0,0
-97.185101,130656.81,142.849838,130631.7367,22.843827,130706.9565,-101.866166,512.34178,137.710406,516.3702,18.609669,512.15867,-97.162183,130656.81,0,0,0,0,-101.843248,513.62355,0,0,102.450583,3.29598,60,0,7.37555254,0.083294,0,-104.993593,128573.2656,135.068671,128435.1172,15.015565,128654.2656,71.512757,518.508911,-48.930362,521.347046,-168.3078,518.159851,-104.966129,128552.8906,0,0,0,0,71.430364,519.327148,0,0,0,0,60,0,7.126708433,-3.081461,0,-104.994516,128124.4097,135.040423,128099.3364,15.045872,128149.483,71.218654,518.01819,-49.068106,519.66618,-168.701693,517.46886,-104.965868,128124.4097,0,0,0,0,71.149899,518.38441,0,0,0,0,60,0,7.073399246,-3.075806,0,-97.099158,130732.0298,142.912863,130105.198,22.918312,130807.2496,-101.917733,511.79245,137.567167,514.5391,18.220058,510.69379,-97.081969,130556.5169,0,0,0,0,-102.043783,512.34178,0,0,0,0,60,0,7.339673466,0.083511,0,0,0,0,0,0,0,0,0,0,0,0,0
-97.185101,130656.81,142.844108,130631.7367,22.838098,130732.0298,-101.917733,512.708,137.676029,516.91953,18.477889,512.52489,-97.167912,130656.81,0,0,0,0,-101.917733,513.98977,0,0,101.929192,2.92976,60,0,7.361250258,0.084349,0,-104.999084,128581.5391,135.057688,128434.9219,15.004578,128659.9453,71.452337,518.89801,-48.963318,521.421448,-168.379217,518.812195,-104.977112,128557.25,0,0,0,0,71.369938,519.693359,0,0,0,0,59.999001,0,7.116088236,-3.08104,0,-105.000246,128124.4097,135.028964,128099.3364,15.040142,128149.483,71.212924,518.38441,-49.062376,519.48307,-168.707423,517.83508,-104.977327,128124.4097,0,0,0,0,71.149899,518.56752,0,0,0,0,59.999,0,7.062288796,-3.076319,0,-97.104887,130732.0298,142.907133,130105.198,22.906853,130807.2496,-101.923462,512.15867,137.567167,514.35599,18.202869,510.8769,-97.093428,130556.5169,0,0,0,0,-102.049513,512.52489,0,0,0,0,60,0,7.326577794,0.083209,0,0,0,0,0,0,0,0,0,0,0,0,0
-97.213749,130656.81,142.80973,130656.81,22.80372,130732.0298,-101.940651,512.89111,137.630192,517.10264,18.374756,512.89111,-97.19656,130681.8832,0,0,0,0,-101.975028,514.35599,0,0,0,0,60,0,7.351499486,0.083359,0,-105.032047,128585.75,135.030217,128438.6406,14.971619,128663.8594,71.424866,518.9552,-49.007263,521.799072,-168.505562,518.966675,-105.010074,128562.8828,0,0,0,0,71.304019,519.90509,0,0,0,0,59.999001,0,7.108910144,-3.081457,0,-105.040353,128124.4097,134.994586,128124.4097,15.005765,128149.483,71.109792,517.83508,-49.108213,519.48307,-168.776178,517.46886,-105.011705,128124.4097,0,0,0,0,71.086874,518.2013,0,0,0,0,59.999,0,7.07500414,-3.074073,0,-97.144994,130732.0298,142.867026,130105.198,22.878205,130807.2496,-101.963569,511.42623,137.538519,514.35599,18.088278,511.24312,-97.133535,130556.5169,0,0,0,0,-102.112538,512.34178,0,0,0,0,59.999,0,7.337850266,0.082026,0,0,0,0,0,0,0,0,0,0,0,0,0
-97.219479,130656.81,142.80973,130656.81,22.80372,130732.0298,-101.940651,512.708,137.624462,517.10264,18.357568,513.25733,-97.19656,130681.8832,0,0,0,0,-101.980758,514.35599,0,0,0,0,60,0,7.355960188,0.082368,0,-105.032047,128586.6328,135.024726,128439.1797,14.971619,128659.75,71.430364,518.480286,-49.023744,521.678955,-168.478091,518.926636,-105.010074,128562.5859,0,0,0,0,71.309511,519.687622,0,0,0,0,60,0,7.124236746,-3.082098,0,-105.040353,128124.4097,134.994586,128099.3364,15.005765,128149.483,71.121251,517.83508,-49.102483,519.48307,-168.770448,517.28575,-105.011705,128124.4097,0,0,0,0,71.092603,518.2013,0,0,0,0,60,0,7.074322571,-3.07404,0,-97.144994,130732.0298,142.867026,130105.198,22.872475,130807.2496,-101.940651,511.42623,137.549978,514.72221,18.099737,510.51068,-97.133535,130556.5169,0,0,0,0,-102.09535,512.34178,0,0,0,0,60,0,7.3391435,0.083197,0,0,0,0,0,0,0,0,0,0,0,0,0
172.643643,132687.7448,52.649092,132662.6716,-67.33973,132788.0379,178.894612,323.37226,50.838545,356.69828,-60.429859,318.97762,172.655102,132712.8181,0,0,0,0,176.241818,332.16154,-123.827639,20.87454,5.16235,19.95899,59.988,0.03,13.98012228,-0.151931,0,167.324526,131650.125,47.375794,131493.9531,-72.671813,131740.875,-11.192322,327.838898,-138.858948,362.714783,109.728703,322.872162,167.341014,131628.2813,0,0,0,0,-13.63678,337.017059,46.974793,20.902634,178.481149,20.187378,59.986,0.04,13.72392252,3.084457,0,167.326595,131183.3486,47.349232,131158.2754,-72.639589,131233.4952,-11.424778,326.66824,-138.781837,359.44493,109.457857,321.17494,167.343783,131183.3486,0,0,0,0,-13.762446,335.0913,46.495525,20.1421,178.716996,19.04344,59.988,0.04,13.58433737,3.092205,0,172.706668,132762.9647,52.717847,132136.1329,-67.288163,132813.1112,178.625322,322.2736,51.18232,355.05029,-60.389752,316.96341,172.712398,132562.3785,0,0,0,0,176.287654,330.69666,-123.94223,20.1421,8.898035,19.22655,59.986,0.03,13.99440997,-0.131614,0,0,0,0,0,0,0,0,0,0,0,0,0
171.646696,131810.1804,51.652145,131760.0339,-68.348135,131885.4002,177.152821,328.68245,49.669711,359.62804,-62.246135,324.65403,171.652426,131810.1804,0,0,0,0,174.689102,336.9224,-125.466298,19.40966,3.202834,18.67722,59.993,0.02,13.44896778,-0.135434,0,166.236887,130710.6641,46.293643,130565.4141,-73.742984,130801.9453,-12.812806,333.967224,-139.864202,365.358337,108.053285,328.611389,166.264344,130693.2266,0,0,0,0,-15.037537,341.966614,44.612733,19.523621,177.091369,18.527985,59.993,0.02,13.11488839,3.098132,0,166.232245,130255.6377,46.260612,130230.5644,-73.71102,130255.6377,-12.925928,331.97843,-139.939212,362.19158,107.836387,327.03446,166.266623,130255.6377,0,0,0,0,-15.166193,339.66905,44.472984,19.04344,175.898043,17.94478,59.993,0.03,13.08421304,3.097333,0,171.703992,131860.3269,51.703711,131233.4952,-68.28511,131935.5467,176.917908,327.58379,49.967649,357.43072,-62.263324,322.82293,171.709722,131684.814,0,0,0,0,174.71775,335.27441,-125.901746,18.67722,5.895736,17.76167,59.991,0.02,13.42971276,-0.119599,0,0,0,0,0,0,0,0,0,0,0,0,0
170.225761,131383.9348,50.236939,131358.8615,-69.757612,131459.1546,173.886961,338.57039,49.14832,357.98005,-65.735448,336.37307,170.24295,131409.0081,0,0,0,0,172.374353,344.06369,-128.205036,12.26837,0.26929,11.90215,60,0.01,12.18903418,-0.08631,0,164.786688,130277.1172,44.83246,130138.6797,-75.198668,130366.2969,-16.125184,344.53009,-140.479438,363.470093,104.565128,341.291443,164.808653,130257.8281,0,0,0,0,-17.405091,349.491119,40.042421,12.044907,174.668892,11.787415,60,0,11.86126518,-3.139664,0,164.782662,129804.3188,44.816759,129804.3188,-75.177792,129854.4653,-16.197517,342.23259,-140.449144,360.7267,104.444477,338.38728,164.81131,129804.3188,0,0,0,0,-17.458024,346.81034,40.714381,11.90215,175.972528,11.35282,60,0,11.86048233,-3.135831,0,170.283057,131459.1546,50.305694,130832.3229,-69.700316,131509.3012,173.720804,337.10551,49.463446,355.78273,-65.649504,333.80953,170.294516,131258.5685,0,0,0,0,172.448837,342.04948,-128.846749,11.71904,5.328507,11.35282,59.999,0,12.20981655,-0.0721,0,0,0,0,0,0,0,0,0,0,0,0,0
169.807502,131760.0339,49.812951,131734.9606,-70.170141,131835.2537,171.045091,348.82455,48.122725,359.44493,-68.875257,349.37388,169.818961,131785.1071,0,0,0,0,170.082522,352.48675,-131.625594,6.77507,-10.914846,7.14129,60,0,11.34368527,-0.042324,0,164.39667,130670.3125,44.447938,130523.0078,-75.583194,130761.8359,-18.965149,354.400635,-141.418766,364.620209,101.505436,353.284851,164.424141,130648.2734,0,0,0,0,-19.640808,357.347473,34.670105,6.557465,170.065618,6.889343,60.000999,0,11.06556675,-3.092326,0,164.39878,130230.5644,44.432877,130205.4911,-75.561674,130230.5644,-18.970633,352.12053,-141.360147,361.09292,101.396341,350.10632,164.427428,130205.4911,0,0,0,0,-19.658182,354.31785,34.520707,6.40885,170.277327,6.22574,60.001,0,11.03918315,-3.091258,0,169.864798,131835.2537,49.881706,131208.4219,-70.118575,131885.4002,170.901851,347.909,48.558173,356.69828,-68.749206,345.71168,169.876257,131634.6675,0,0,0,0,170.220031,349.92321,-135.435764,6.40885,0.54431,5.85952,60,0,11.2983091,-0.025579,0,0,0,0,0,0,0,0,0,0,0,0,0
169.738747,131785.1071,49.761385,131760.0339,-70.244626,131860.3269,170.529429,350.83876,47.996675,359.44493,-69.327893,350.65565,169.750206,131810.1804,0,0,0,0,169.727288,353.58541,-134.80551,6.04263,-9.935088,6.22574,60,0,11.19030511,-0.030478,0,164.330759,130689.1641,44.382019,130550.9688,-75.649113,130787.6484,-19.283753,355.854034,-141.501166,364.608765,100.928654,355.384827,164.358216,130673.5938,0,0,0,0,-19.964906,358.543396,37.043152,5.636215,165.368961,5.807877,60,0,10.91535251,-3.089883,0,164.330025,130230.5644,44.358393,130230.5644,-75.61897,130230.5644,-19.331596,353.03608,-141.474739,360.90981,100.840572,352.30364,164.364403,130230.5644,0,0,0,0,-19.996227,355.41651,36.308335,5.4933,164.427428,5.31019,60,0,10.92732033,-3.088868,0,169.801772,131860.3269,49.807221,131208.4219,-70.1816,131910.4735,170.495051,348.27522,48.426393,356.88139,-69.196113,347.17656,169.813231,131659.7408,0,0,0,0,169.893445,350.65565,-133.327279,5.4933,-0.326586,5.4933,60,0,11.24953354,-0.019347,0,0,0,0,0,0,0,0,0,0,0,0,0
179.186821,132286.5725,59.197999,132261.4993,-60.808011,132361.7923,178.178415,570.57076,72.845854,433.05515,-48.202939,447.15462,179.19255,132311.6458,0,0,0,0,-173.239519,480.11442,137.349443,61.70807,145.743274,58.22898,59.947,-0.29,5.493152537,0.202013,0,170.592963,131355.4688,50.633241,131196.7969,-69.414372,131449,-9.082947,578.378662,-113.189396,435.556397,125.785215,447.000488,170.609438,131331.5156,0,0,0,0,0.205994,482.769013,-49.847718,65.551758,-43.052673,63.03978,59.987999,-0.13,5.339084583,-2.947887,0,170.592454,130907.5427,50.609362,130857.3961,-69.37373,130907.5427,-38.55433,163.88345,-127.597701,88.99146,111.388725,90.63945,170.615372,130882.4694,0,0,0,0,-22.614644,110.59844,-67.47151,32.77669,-65.179679,32.41047,59.988,-0.13,15.74952489,-2.360245,0,172.804071,133013.6974,52.820979,132386.8656,-67.179301,133063.8439,163.579451,143.00891,72.456243,84.59682,-47.269018,85.32926,172.81553,132813.1112,0,0,0,0,179.358708,101.07672,132.593893,27.10028,132.708485,26.36784,60.016,0.14,19.00985175,0.4449,0,0,0,0,0,0,0,0,0,0,0,0,0
172.236843,133189.2102,52.242292,133164.137,-67.763718,133264.4301,174.098956,356.51517,57.69112,342.4157,-62.630017,345.52857,172.242572,133189.2102,0,0,0,0,176.362139,347.909,110.827226,8.78928,123.632833,7.69062,59.984,0.03,10.37675783,0.022076,0,166.923526,132816.8594,46.969302,132665.8438,-73.078311,132901.9219,-16.339418,360.025391,-132.168272,344.175354,107.383121,345.914856,166.94,132794.9688,0,0,0,0,-13.746644,349.851624,-78.153996,9.613037,-67.206118,9.492874,59.987999,0.01,10.19425924,-3.018035,0,166.925524,132336.7191,46.948162,132336.7191,-73.04066,132361.7923,-22.339624,356.69828,-142.242502,356.14895,97.695034,356.51517,166.942713,132336.7191,0,0,0,0,-22.293788,356.51517,0,0,0,0,59.988,0.01,10.52549049,-2.979086,0,172.14517,134518.0936,52.150619,133866.1885,-67.849662,134568.2401,167.876634,348.82455,47.945108,348.82455,-72.106739,348.64144,172.150899,134317.5074,0,0,0,0,167.905282,348.64144,0,0,0,0,59.991,0,10.95233166,0.075855,0,0,0,0,0,0,0,0,0,0,0,0,0
169.847609,131333.7883,49.870246,131308.715,-70.135764,131409.0081,172.099333,344.61302,55.301886,332.52776,-64.979144,335.45752,169.864798,131333.7883,0,0,0,0,174.121874,337.47173,108.031192,7.50751,121.300895,6.59196,59.997,0.01,10.61925552,0.009025,0,164.64936,130993.9141,44.684146,130842.25,-75.352477,131086.125,-18.668519,348.157898,-134.739074,333.675385,104.911193,335.500732,164.660343,130972.9063,0,0,0,0,-16.196595,338.939667,-80.488588,8.932114,-70.474548,8.577347,59.994999,0.01,10.42801386,-3.020906,0,164.645152,130531.4436,44.66779,130506.3704,-75.321032,130556.5169,-24.276222,378.48837,-140.964806,365.67067,98.669062,366.76933,164.66807,130531.4436,0,0,0,0,-22.207844,370.24842,-87.060937,7.87373,-76.495595,8.05684,59.995,0.01,9.596790972,-2.931726,0,170.260138,132888.331,50.254128,132236.426,-69.740423,132938.4775,165.241028,370.24842,48.575362,357.98005,-71.774423,358.8956,170.265868,132687.7448,0,0,0,0,167.326595,362.19158,102.49069,7.69062,112.362753,7.87373,59.997,0.01,9.99587395,0.14241,0,0,0,0,0,0,0,0,0,0,0,0,0
-16.094384,132211.3527,-136.077476,132186.2794,103.934544,132286.5725,-9.849144,257.81888,-134.776862,274.48189,110.947547,257.26955,-16.077196,132236.426,0,0,0,0,-11.304457,262.94596,46.283531,9.70483,177.582539,10.43727,60,0,16.37467707,-0.132978,0,-20.223084,131560.1719,-140.166328,131409.0938,99.780581,131634.3125,157.315977,262.876526,32.736513,278.669373,-82.048645,260.799408,-20.201111,131534.9531,0,0,0,0,155.937194,267.230988,-144.950876,9.601593,-12.477723,9.544373,59.999001,0,15.79444576,-3.114662,0,-20.219681,131083.0556,-140.202773,131057.9823,99.820707,131158.2754,157.133675,261.8473,32.744538,275.94677,-82.351224,258.91754,-20.196762,131083.0556,0,0,0,0,155.781495,265.5095,-145.834948,9.33861,-12.599342,8.60617,60,0,15.64178368,-3.10942,0,-16.008441,132286.5725,-136.014451,131634.6675,103.98611,132336.7191,-9.854874,257.08644,-134.329955,271.91835,110.810038,255.07223,-16.002711,132085.9864,0,0,0,0,-11.189866,261.11486,47.011187,9.1555,-179.794156,9.1555,60,0,16.19692406,-0.123232,0,0,0,0,0,0,0,0,0,0,0,0,0
-16.352215,132236.426,-136.329578,132211.3527,103.670984,132311.6458,-12.163894,264.41084,-135.670676,275.94677,108.271835,265.5095,-16.335027,132261.4993,0,0,0,0,-13.218136,268.43926,44.639142,6.40885,170.91331,7.50751,60,0,15.37238376,-0.095652,0,-20.47577,131585.3906,-140.419004,131429.3594,99.533389,131670.1094,154.981391,269.983276,31.896058,280.294434,-84.696354,269.622803,-20.453797,131561.8281,0,0,0,0,154.036571,273.199097,-146.532898,6.122589,-18.717958,6.414413,59.999001,0,14.80395644,-3.077083,0,-20.477512,131108.1288,-140.449144,131083.0556,99.574335,131158.2754,154.944977,269.1717,31.942397,277.22854,-84.84359,266.97438,-20.448864,131133.2021,0,0,0,0,153.988137,271.0028,-150.080565,6.22574,-18.72999,5.4933,60,0,14.64062011,-3.074072,0,-16.277731,132311.6458,-136.272282,131659.7408,103.734009,132361.7923,-12.112328,263.86151,-135.177933,273.01701,108.248916,262.94596,-16.266272,132111.0596,0,0,0,0,-13.040519,266.42505,43.275502,6.04263,174.333868,6.04263,60,0,15.19004895,-0.087112,0,0,0,0,0,0,0,0,0,0,0,0,0
-16.380863,132236.426,-136.375414,132211.3527,103.642336,132336.7191,-12.295674,265.5095,-135.710783,276.12988,107.910871,266.79127,-16.375134,132261.4993,0,0,0,0,-13.390024,269.35481,46.346556,6.04263,167.412538,6.95818,60,0,15.19128235,-0.096084,0,-20.514222,131591.1719,-140.46295,131442.875,99.483952,131671.625,154.591373,271.574036,31.835635,280.506134,-85.003972,270.166382,-20.492249,131569.0313,0,0,0,0,153.789373,273.994446,-149.466245,5.802155,-15.641785,5.727768,60,0,14.61394798,-3.065545,0,-20.511889,131108.1288,-140.489251,131108.1288,99.528499,131158.2754,154.49234,270.08725,31.89656,277.04543,-85.078503,268.07304,-20.488971,131133.2021,0,0,0,0,153.753224,271.55213,-154.268886,5.4933,-16.810582,4.94397,60,0,14.5347582,-3.063643,0,-16.317838,132311.6458,-136.312389,131659.7408,103.699631,132361.7923,-12.530587,264.77706,-135.235228,273.38323,107.865035,263.86151,-16.312108,132111.0596,0,0,0,0,-13.321269,267.15749,43.487497,5.4933,176.029823,5.4933,59.999,0,15.0610248,-0.076693,0,0,0,0,0,0,0,0,0,0,0,0,0
-23.428244,28809.18723,-126.016338,119624.5712,92.905106,118972.6662,-67.099087,1769.94126,-118.453295,611.77051,135.028964,96.68208,-17.280407,87731.37173,164.782662,42173.24014,168.025603,17024.75033,-48.73579,704.42417,-74.043336,416.94147,-81.090717,708.45259,59.88,0,0.22814629,1.059976,0,-17.361146,46454.30078,-136.738584,116828.1563,90.288394,125030.9766,-96.122133,876.222595,56.675721,604.757324,-80.279851,75.588226,-22.458803,95514.45313,157.870793,32540.05664,143.077696,17253.58984,-133.481144,372.098938,-80.175479,461.202637,-60.273742,169.052124,59.735001,0,0.991673482,1.268576,0,-17.366351,46285.25642,-136.765026,116515.4857,90.321067,124538.9321,89.066289,1095.18091,-25.731535,239.69099,-97.672115,641.06811,-22.448486,95203.20619,157.804036,32394.66484,143.285285,17225.33649,106.375344,599.68525,71.075414,424.08276,67.368378,128.36011,59.737,0,0.948278446,-1.691468,0,-15.292244,93097.05151,-130.210389,123310.3419,96.715276,121856.0922,-90.395551,1061.48867,157.861332,186.7722,87.347416,631.18017,-16.317838,112227.9565,159.431236,17651.58208,150.624875,1554.54274,-70.903527,559.76727,-108.781767,435.43558,-112.769553,130.37432,59.892,0.06,1.950630114,1.485635,0,0,0,0,0,0,0,0,0,0,0,0,0
3.151268,141513.5359,-116.843283,141488.4626,123.163008,141613.829,0,0,0,0,0,0,3.156997,141538.6092,0,0,0,0,0,0,0,0,0,0,60.027,-0.08,inf,0,2058,-29.380188,132106.7344,-149.328918,131952.2813,90.634466,132181.8594,0,0,0,0,0,0,-29.352724,132081.2188,0,0,0,0,0,0,0,0,0,0,59.946999,-0.07,inf,0,0,-29.387005,131634.6675,-149.352909,131634.6675,90.676301,131659.7408,142.832649,559.95038,22.981337,559.76727,-95.620926,551.71043,-29.346898,131634.6675,0,0,0,0,143.388418,557.02062,138.816215,5.31019,27.719698,5.67641,59.949,-0.04,6.811512491,-2.985198,0,-21.291112,135696.5372,-141.285663,135044.6322,98.726358,135746.6838,-30.67616,549.51311,-150.510283,549.51311,90.934132,541.27316,-21.279653,135495.9511,0,0,0,0,-30.086014,546.76646,-34.514978,5.31019,-146.48812,5.85952,59.953,0.01,7.162012917,0.185333,0,0,0,0,0,1,1,0,0,0,0,0,0
4.681065,142366.0271,-115.290568,142340.9538,124.698535,142466.3201,0,0,0,0,0,0,4.692524,142391.1003,0,0,0,0,0,0,0,0,0,0,60.02,-0.02,inf,0,2058,-32.720031,129500.5859,-152.679754,129345.9844,87.278138,129581.7813,0,0,0,0,0,0,-32.703554,129476.5391,0,0,0,0,0,0,0,0,0,0,59.957001,0.01,inf,0,0,-32.72162,129052.1207,-152.698982,129001.9742,87.318768,129052.1207,140.162665,568.00722,19.675371,570.57076,-99.041484,563.42947,-32.704431,129027.0474,0,0,0,0,140.265798,567.27478,161.316267,4.21153,-2.142862,4.21153,59.957,0.02,6.583378886,-3.010466,0,-24.339247,133264.4301,-144.316609,132612.525,95.683952,133314.5766,-33.12269,555.00641,-154.165754,560.86593,87.347416,552.25976,-24.322058,133063.8439,0,0,0,0,-33.317496,556.10507,8.462587,5.12708,164.335755,4.94397,59.962,0.03,6.99797769,0.152992,0,0,0,0,0,1,1,0,0,0,0,0,0
5.683741,141438.3161,-114.31081,141413.2428,125.70694,141538.6092,0,0,0,0,0,0,5.6952,141463.3893,0,0,0,0,0,0,0,0,0,0,60.014,-0.02,inf,0,2058,-35.054628,127520.7266,-154.997865,127378.3672,84.960026,127598.0547,0,0,0,0,0,0,-35.02716,127499.1797,0,0,0,0,0,0,0,0,0,0,59.967999,0.05,inf,0,0,-35.059287,127071.3324,-155.019461,127046.2591,84.992559,127096.4056,138.581302,573.1343,17.314785,580.4587,-101.396341,572.40186,-35.02491,127071.3324,0,0,0,0,138.168772,575.33162,-163.035141,5.12708,-39.10437,4.76086,59.966,0.06,6.44556064,-3.037299,0,-26.390436,131434.0813,-146.396446,130807.2496,93.609845,131484.2279,-35.322848,562.33081,-156.698227,570.02143,84.625866,562.1477,-26.384706,131233.4952,0,0,0,0,-35.804133,564.89435,25.399219,5.31019,143.061832,5.12708,59.971,0.05,6.800389345,0.147226,0,0,0,0,0,1,1,0,0,0,0,0,0
8.451127,136122.7828,-111.520505,136097.7096,128.474326,136198.0026,0,0,0,0,0,0,8.468316,136147.8561,0,0,0,0,0,0,0,0,0,0,60.005,0,inf,0,2048,-39.894104,123583.0938,-159.837341,123439.8047,80.126042,123656.4531,0,0,0,0,0,0,-39.866639,123559.9844,0,0,0,0,0,0,0,0,0,0,59.994999,0.03,inf,0,0,-39.883592,123159.9022,-159.860954,123109.7557,80.145336,123184.9755,133.247065,595.47372,12.48475,600.23458,-106.747767,594.74128,-39.860674,123134.829,0,0,0,0,132.994963,596.75549,-165.951496,3.29598,-41.659761,2.92976,59.995,0.02,5.958183475,-3.025029,0,-30.68189,127823.5305,-150.69363,127196.6987,89.32985,127873.677,-41.063885,585.21956,-161.900684,589.79731,78.930666,584.30401,-30.68189,127622.9443,0,0,0,0,-41.344635,586.50133,17.291866,3.47909,140.712705,3.11287,59.995,0.02,6.294949555,0.177105,0,0,0,0,0,1,1,0,0,0,0,0,0
-12.834255,134668.5332,-132.828806,134618.3866,107.171756,134743.753,-10.04968,309.27279,-133.155392,321.17494,111.268404,305.97681,-12.828525,134668.5332,0,0,0,0,-10.679933,312.01944,36.050504,8.23995,-173.233789,8.78928,59.982,0.03,13.43096277,-0.050836,0,-17.608339,133659.6563,-137.557073,133506.8281,102.395327,133750.1563,158.667303,316.440582,35.939028,327.249512,-79.917298,310.558319,-17.586366,133636.25,0,0,0,0,158.194886,317.939758,-155.953682,8.485794,3.392029,8.199692,59.991001,0,12.92675917,-3.068123,0,-17.606993,133189.2102,-137.584355,133139.0637,102.427665,133214.2835,153.587067,220.64755,33.867535,220.09822,-86.33901,220.28133,-17.584075,133189.2102,0,0,0,0,153.707388,220.28133,0,0,0,0,59.99,0,17.08714099,-2.98433,0,-14.295297,133916.3351,-134.295578,133264.4301,105.710713,133966.4816,-9.923629,217.9009,-129.809318,218.08401,110.09957,218.08401,-14.295297,133715.7489,0,0,0,0,-9.877792,218.08401,0,0,0,0,59.999,-0.03,17.46229599,-0.07509,0,0,0,0,0,0,0,0,0,0,0,0,0
110.758471,130581.5902,-9.201702,130556.5169,-129.219171,130656.81,106.277941,478.83265,-13.865579,477.36777,-133.894507,478.83265,110.769931,130581.5902,0,0,0,0,106.169079,478.28332,0,0,0,0,59.999,0,7.723953379,0.074049,0,103.504946,128742.3594,-16.421814,128599.125,-136.480417,128826.6875,-81.081852,483.33551,158.985904,484.079346,38.932802,484.027863,103.53241,128721.6016,0,0,0,0,-81.054388,483.816162,0,0,0,0,60,0,7.575585527,-3.061023,0,103.504826,128274.8493,-16.443889,128249.7761,-136.449899,128299.9226,-81.148013,480.84686,158.949952,480.66375,38.852268,480.84686,103.533474,128274.8493,0,0,0,0,-81.119365,480.84686,0,0,0,0,59.999,0,7.570885987,-3.059439,0,110.810038,130606.6634,-9.167325,129979.8317,-129.150417,130681.8832,106.232105,474.80423,-13.739528,475.71978,-133.756997,474.80423,110.827226,130431.1505,0,0,0,0,106.243564,475.17045,0,0,0,0,59.999,0.01,7.826232602,0.081465,0,0,0,0,0,0,0,0,0,0,0,0,0
110.437615,131007.8358,-9.534018,130957.6892,-129.534298,131057.9823,106.106054,476.63533,-14.11768,475.71978,-134.12369,477.18466,110.454804,131007.8358,0,0,0,0,105.951356,476.45222,0,0,0,0,60,0,7.792197763,0.069949,0,103.230291,129183.0078,-16.696473,129050.8828,-136.744089,129274.0391,-81.329043,481.739044,158.711248,482.522949,38.641662,482.826233,103.263246,129167.6797,0,0,0,0,-81.323552,482.368469,0,0,0,0,60,0,7.625282313,-3.062671,0,103.241265,128726.1682,-16.713179,128701.0949,-136.719189,128751.2415,-81.417303,479.38198,158.692121,479.01576,38.594437,478.83265,103.269913,128726.1682,0,0,0,0,-81.377196,479.01576,0,0,0,0,59.999,0,7.617532528,-3.058363,0,110.494911,131032.909,-9.488181,130406.0773,-129.477003,131108.1288,105.974274,473.15624,-13.940063,473.70557,-133.997639,473.33935,110.50064,130857.3961,0,0,0,0,106.008651,473.33935,0,0,0,0,59.999,0,7.872800716,0.080389,0,0,0,0,0,0,0,0,0,0,0,0,0
110.357401,131007.8358,-9.614232,130982.7625,-129.620242,131083.0556,106.014381,476.45222,-14.174976,475.90289,-134.198175,477.18466,110.36886,131032.909,0,0,0,0,105.876871,476.45222,0,0,0,0,60,0,7.799176057,0.070736,0,103.153383,129198.5781,-16.773377,129050.8828,-136.83198,129278.5938,-81.44989,481.916443,158.612374,482.454285,38.575747,482.63739,103.175356,129173.7969,0,0,0,0,-81.422426,482.32843,0,0,0,0,59.999001,0,7.624457099,-3.061084,0,103.161051,128751.2415,-16.793393,128701.0949,-136.799403,128751.2415,-81.497517,479.38198,158.56034,478.64954,38.537141,478.83265,103.183969,128751.2415,0,0,0,0,-81.468869,479.01576,0,0,0,0,60,0,7.621976956,-3.059377,0,110.408967,131057.9823,-9.574125,130406.0773,-129.557217,131108.1288,105.928437,473.33935,-14.014548,473.70557,-134.089313,473.15624,110.420426,130857.3961,0,0,0,0,105.934167,473.33935,0,0,0,0,60,0,7.864741624,0.079656,0,0,0,0,0,0,0,0,0,0,0,0,0
114.505615,132888.331,-5.460288,132838.1845,-125.460568,132963.5508,114.912415,289.13069,-5.317048,288.39825,-125.397543,289.13069,114.517075,132888.331,0,0,0,0,114.734799,288.94758,0,0,0,0,60.025,0.78,13.00601166,-0.012396,0,110.201113,132181.2188,-9.736634,132020.9844,-129.778758,132263,-77.505804,292.985901,162.479559,293.495178,42.503359,293.460846,110.223086,132155.125,0,0,0,0,-77.511295,293.31781,0,0,0,0,60.025002,0.8,12.84366307,-3.00763,0,110.208432,131709.8873,-9.757471,131684.814,-129.740563,131734.9606,-77.64724,290.77868,162.473642,290.77868,42.398877,290.41246,110.23135,131709.8873,0,0,0,0,-77.595674,290.59557,0,0,0,0,60.025,0.83,12.86132609,-3.001739,0,114.568641,132938.4775,-5.408722,132286.5725,-125.409002,132988.6241,114.797824,286.01782,-5.042029,286.56715,-125.16836,286.20093,114.5801,132737.8914,0,0,0,0,114.866579,286.20093,0,0,0,0,60.027,0.29,13.2114146,-0.001355,0,0,0,0,0,0,0,0,0,0,0,0,0
119.072089,132687.7448,-0.893814,132662.6716,-120.905554,132762.9647,119.415864,289.68002,-0.790682,288.94758,-120.876906,289.86313,119.089278,132712.8181,0,0,0,0,119.249706,289.49691,0,0,0,0,60.01,-0.01,12.96362426,-0.011535,0,114.760442,131978.625,-5.177307,131833.6719,-125.224921,132065.1563,-73.045349,293.855652,167.071837,293.987274,46.969302,294.07312,114.782408,131960.4531,0,0,0,0,-73.006902,293.970093,0,0,0,0,60.009998,-0.01,12.75553187,-3.004291,0,114.757717,131509.3012,-5.196727,131484.2279,-125.191278,131534.3744,-73.086496,291.69423,167.068764,291.69423,46.959621,291.32801,114.786365,131509.3012,0,0,0,0,-73.023471,291.51112,0,0,0,0,60.01,-0.01,12.79669978,-3.00153,0,119.135114,132737.8914,-0.842248,132085.9864,-120.842529,132788.0379,119.364298,286.93337,-0.527121,287.29959,-120.647723,287.29959,119.146574,132537.3052,0,0,0,0,119.398675,287.11648,0,0,0,0,60.009,-0.01,13.1429082,-0.003101,0,0,0,0,0,0,0,0,0,0,0,0,0
120.911284,132311.6458,0.933921,132286.5725,-119.066359,132386.8656,121.209222,290.41246,0.933921,289.49691,-119.129385,291.1449,120.928472,132336.7191,0,0,0,0,121.002957,290.41246,0,0,0,0,60,0,12.89290154,-0.013794,0,116.567697,131583.3281,-3.364563,131444.0625,-123.417666,131671.2344,-71.188664,294.713989,168.884583,294.742584,48.842471,294.868469,116.595154,131567.0781,0,0,0,0,-71.155702,294.771179,0,0,0,0,60,0,12.68600458,-3.005649,0,116.579723,131108.1288,-3.386181,131083.0556,-123.386461,131158.2754,-71.27595,292.60978,168.850662,292.42667,48.775897,292.24356,116.602641,131108.1288,0,0,0,0,-71.218654,292.42667,0,0,0,0,60,0,12.71735715,-3.002044,0,120.980038,132361.7923,0.991217,131734.9606,-118.997605,132411.9389,121.054523,287.84892,1.151645,288.39825,-118.905931,287.84892,120.991498,132161.2062,0,0,0,0,121.10036,288.03203,0,0,0,0,60,0,13.07882223,0.001177,0,0,0,0,0,0,0,0,0,0,0,0,0
120.836799,132261.4993,0.853707,132236.426,-119.140844,132336.7191,121.111819,290.41246,0.853707,289.86313,-119.238247,291.32801,120.848258,132261.4993,0,0,0,0,120.905554,290.41246,0,0,0,0,60,0,12.89607849,-0.01303,0,116.490789,131525.2031,-3.446961,131372.3594,-123.494574,131607.6719,-71.304019,294.725403,168.758238,295.103088,48.738099,295.017242,116.512755,131500.4688,0,0,0,0,-71.271057,294.948578,0,0,0,0,60,0,12.69510364,-3.004767,0,116.488049,131057.9823,-3.460665,131057.9823,-123.455216,131083.0556,-71.327516,292.79289,168.770448,292.60978,48.689953,292.24356,116.522427,131057.9823,0,0,0,0,-71.293138,292.60978,0,0,0,0,60,0,12.70008073,-3.002636,0,120.899824,132311.6458,0.911003,131659.7408,-119.083548,132361.7923,120.974309,288.03203,1.065701,288.21514,-119.031982,288.03203,120.905554,132111.0596,0,0,0,0,121.002957,288.03203,0,0,0,0,60,0,13.04544956,0.000172,0,0,0,0,0,0,0,0,0,0,0,0,0
120.750855,132211.3527,0.779223,132186.2794,-119.221058,132311.6458,120.997227,290.59557,0.762034,289.86313,-119.266895,291.32801,120.768044,132236.426,0,0,0,0,120.831069,290.59557,0,0,0,0,60,0,12.89044992,-0.011798,0,116.402898,131491.1719,-3.529358,131343.125,-123.576973,131579.5156,-71.375429,294.765472,168.714306,295.269013,48.666689,294.897095,116.430369,131471.2813,0,0,0,0,-71.331484,294.98291,0,0,0,0,60,0,12.68877355,-3.003967,0,116.407835,131032.909,-3.540879,131007.8358,-123.54116,131032.909,-71.356164,292.976,168.74753,292.60978,48.581091,292.60978,116.442213,131032.909,0,0,0,0,-71.344705,292.60978,0,0,0,0,60,0,12.66896361,-3.00468,0,120.81961,132286.5725,0.842248,131634.6675,-119.152303,132336.7191,120.911284,288.21514,0.974028,288.21514,-119.106467,288.03203,120.836799,132085.9864,0,0,0,0,120.928472,288.21514,0,0,0,0,60,0,13.02908616,-0.000327,0,0,0,0,0,0,0,0,0,0,0,0,0
120.705019,132211.3527,0.727656,132161.2062,-119.278354,132286.5725,120.945661,290.59557,0.687549,290.04624,-119.32992,291.51112,120.716478,132211.3527,0,0,0,0,120.768044,290.77868,0,0,0,0,59.999,0,12.89829918,-0.012201,0,116.353461,131480,-3.578797,131329.3125,-123.631902,131559.2813,-71.413883,294.73114,168.659364,295.148865,48.63373,295.057312,116.375427,131455.9063,0,0,0,0,-71.375429,294.977173,0,0,0,0,60,0,12.69156453,-3.005118,0,116.356269,131007.8358,-3.592445,131007.8358,-123.586996,131007.8358,-71.419189,292.79289,168.673045,292.42667,48.518066,292.42667,116.384917,131007.8358,0,0,0,0,-71.41346,292.60978,0,0,0,0,60,0,12.67600836,-3.004617,0,120.762315,132261.4993,0.784952,131634.6675,-119.209599,132311.6458,120.853988,288.21514,0.95111,288.39825,-119.146574,288.03203,120.779503,132060.9131,0,0,0,0,120.882636,288.21514,0,0,0,0,60,0,13.03103694,0.000535,0,0,0,0,0,0,0,0,0,0,0,0,0
118.189734,132060.9131,-1.781899,132010.7666,-121.787909,132136.1329,116.585452,357.98005,-3.649741,357.79694,-123.627104,358.8956,118.206923,132060.9131,0,0,0,0,116.430754,358.16316,0,0,0,0,59.991,0.01,10.47537896,0.021844,0,112.826843,130981.3281,-7.116394,130833.1875,-127.158506,131066.5859,-73.424376,362.869263,166.615908,362.783447,46.634216,363.321289,112.843324,130960.0234,0,0,0,0,-73.396912,362.989441,0,0,0,0,59.991001,0.01,10.26325102,-3.033085,0,112.832579,130506.3704,-7.133325,130506.3704,-127.110687,130531.4436,-73.464648,361.09292,166.690611,359.99426,46.472607,359.81115,112.861227,130506.3704,0,0,0,0,-73.436001,360.36048,0,0,0,0,59.993,0.01,10.21516709,-3.028692,0,118.258489,132085.9864,-1.718873,131459.1546,-121.719154,132161.2062,116.510968,355.59962,-3.420558,355.78273,-123.506782,355.59962,118.269948,131910.4735,0,0,0,0,116.522427,355.59962,0,0,0,0,59.991,0.01,10.54847009,0.031584,0,0,0,0,0,0,0,0,0,0,0,0,0
117.29019,131910.4735,-2.681442,131885.4002,-122.681723,131985.6933,115.599965,358.16316,-4.555014,358.16316,-124.509459,359.07871,117.307379,131935.5467,0,0,0,0,115.508292,358.52938,0,0,0,0,59.993,0,10.47004861,0.024954,0,111.920477,130847.8828,-8.01178,130697.8359,-128.070377,130924.4688,-74.330749,363.040924,165.671088,363.595947,45.711365,363.132477,111.94245,130823.7344,0,0,0,0,-74.319766,363.252625,0,0,0,0,59.993,0,10.26012291,-3.031616,0,111.927305,130381.004,-8.027139,130355.9307,-128.02169,130406.0773,-74.381381,361.09292,165.773879,360.54359,45.601711,360.36048,111.955953,130381.004,0,0,0,0,-74.335544,360.54359,0,0,0,0,59.993,0,10.22626277,-3.028778,0,117.358945,131960.62,-2.624147,131333.7883,-122.618698,132035.8398,115.53121,355.41651,-4.337291,355.96584,-124.360489,355.78273,117.370404,131785.1071,0,0,0,0,115.605694,355.59962,0,0,0,0,59.993,0,10.56732174,0.033861,0,0,0,0,0,0,0,0,0,0,0,0,0
116.75734,131709.8873,-3.208564,131684.814,-123.214574,131785.1071,115.112951,358.71249,-5.150891,358.52938,-125.128253,359.62804,116.774528,131734.9606,0,0,0,0,114.946793,358.8956,0,0,0,0,59.995,0.01,10.42461929,0.022112,0,111.360169,130618.9922,-8.56659,130471.0938,-128.614197,130708.5547,-74.858095,363.361359,165.198671,363.773346,45.173037,364.179627,111.38764,130599.8438,0,0,0,0,-74.83063,363.767639,0,0,0,0,59.994999,0.01,10.22635163,-3.033621,0,111.371536,130155.3446,-8.588637,130130.2713,-128.577459,130180.4178,-74.908502,361.45914,165.166544,360.90981,45.045942,361.09292,111.400184,130155.3446,0,0,0,0,-74.902773,361.09292,0,0,0,0,59.995,0.01,10.20433915,-3.031247,0,116.820365,131760.0339,-3.151268,131108.1288,-123.151549,131810.1804,115.032737,356.14895,-4.938896,356.51517,-125.042309,356.33206,116.837554,131559.4477,0,0,0,0,115.015548,356.33206,0,0,0,0,59.995,0.01,10.50594807,0.031465,0,0,0,0,0,0,0,0,0,0,0,0,0
115.66872,131609.5942,-4.308643,131584.521,-124.308923,131684.814,113.926928,358.71249,-6.325454,359.26182,-126.176766,360.17737,115.680179,131634.6675,0,0,0,0,113.812336,359.44493,0,0,0,0,59.999,0,10.45598275,0.02423,0,110.26154,130522.1719,-9.676209,130379.1797,-129.712833,130606.7969,-75.978703,363.744751,163.99567,364.076599,44.10736,364.099487,110.283513,130502.2891,0,0,0,0,-75.962222,363.973633,0,0,0,0,59.999001,0,10.2219424,-3.033032,0,110.265728,130055.0515,-9.682987,130029.9782,-129.683267,130055.0515,-76.002852,361.82536,164.037817,361.27603,43.934404,361.09292,110.294376,130055.0515,0,0,0,0,-76.014311,361.45914,0,0,0,0,60,0,10.1852427,-3.031001,0,115.726016,131659.7408,-4.257076,131032.909,-124.251628,131734.9606,113.829525,356.88139,-6.016057,356.69828,-126.079363,356.33206,115.737475,131459.1546,0,0,0,0,113.909739,356.69828,0,0,0,0,60,0,10.47451244,0.036334,0,0,0,0,0,0,0,0,0,0,0,0,0
115.416618,131785.1071,-4.555014,131760.0339,-124.566754,131885.4002,113.697745,358.34627,-6.531719,358.71249,-126.38303,359.62804,115.422348,131810.1804,0,0,0,0,113.588883,358.8956,0,0,0,0,60,0,10.47720862,0.024333,0,110.025332,130706.3984,-9.906921,130553.8594,-129.954526,130792.8359,-76.192932,363.241211,163.748485,363.870606,43.887637,363.676086,110.052796,130684.6094,0,0,0,0,-76.187441,363.601685,0,0,0,0,60,0,10.25956854,-3.03353,0,110.025085,130255.6377,-9.929359,130230.5644,-129.91818,130255.6377,-76.283601,361.27603,163.837282,361.09292,43.722409,360.54359,110.059463,130255.6377,0,0,0,0,-76.243494,360.90981,0,0,0,0,60,0,10.22582839,-3.028489,0,115.473914,131835.2537,-4.503448,131208.4219,-124.503729,131910.4735,113.669097,356.14895,-6.23951,356.33206,-126.308546,356.14895,115.491103,131634.6675,0,0,0,0,113.703474,356.14895,0,0,0,0,60,0,10.5162728,0.032991,0,0,0,0,0,0,0,0,0,0,0,0,0
115.3937,131785.1071,-4.577933,131760.0339,-124.583943,131885.4002,113.669097,357.98005,-6.566096,358.52938,-126.423138,359.81115,115.410889,131810.1804,0,0,0,0,113.554505,358.71249,0,0,0,0,60,0,10.49331329,0.023239,0,110.00885,130713.1563,-9.928894,130564.6328,-129.976506,130791.6641,-76.209413,363.384247,163.726506,363.876343,43.838196,363.72757,110.030823,130689.8516,0,0,0,0,-76.214905,363.670349,0,0,0,0,59.999001,0,10.24812229,-3.033709,0,110.007897,130255.6377,-9.952277,130205.4911,-129.935369,130280.7109,-76.28933,361.09292,163.802904,361.09292,43.728139,360.7267,110.042274,130255.6377,0,0,0,0,-76.254953,360.90981,0,0,0,0,60,0,10.24154145,-3.029599,0,115.450996,131835.2537,-4.520637,131208.4219,-124.526647,131910.4735,113.63472,356.33206,-6.256699,356.33206,-126.337194,356.14895,115.468185,131659.7408,0,0,0,0,113.680556,356.14895,0,0,0,0,60,0,10.50513742,0.033565,0,0,0,0,0,0,0,0,0,0,0,0,0
115.158787,131810.1804,-4.807116,131785.1071,-124.813126,131885.4002,113.365429,358.34627,-6.766632,358.8956,-126.589295,359.62804,115.170246,131835.2537,0,0,0,0,113.336782,358.8956,0,0,0,0,60,0,10.49310544,0.027537,0,109.77814,130738.8203,-10.159608,130595.9219,-130.212707,130823.8828,-76.467595,363.361359,163.51227,363.945007,43.601991,363.647461,109.800113,130716.4922,0,0,0,0,-76.451113,363.653198,0,0,0,0,60,0,10.25099849,-3.032326,0,109.778714,130280.7109,-10.17573,130255.6377,-130.170281,130280.7109,-76.529973,361.09292,163.59091,360.7267,43.44166,360.54359,109.813091,130280.7109,0,0,0,0,-76.501325,360.90981,0,0,0,0,60,0,10.2248566,-3.029372,0,115.221813,131860.3269,-4.75555,131233.4952,-124.750101,131935.5467,113.394077,355.96584,-6.51453,355.96584,-126.532,355.96584,115.233272,131684.814,0,0,0,0,113.439914,355.96584,0,0,0,0,60,0,10.52853048,0.033244,0,0,0,0,0,0,0,0,0,0,0,0,0
178.934719,132537.3052,58.968816,132487.1587,-61.048653,132587.4518,176.797587,568.00722,52.425638,597.48793,-62.58991,560.86593,178.951908,132537.3052,0,0,0,0,175.485514,574.9654,-127.677915,20.32521,7.522936,18.67722,59.96,0.02,7.287943764,0.024081,0,170.027164,129938.6797,50.078431,129782.6094,-69.974673,130017.625,-9.039001,573.040039,-133.475652,604.042053,111.574405,568.914429,170.043638,129910.0313,0,0,0,0,-10.373841,581.537231,46.919862,19.786835,179.299624,19.632339,59.955002,0.02,7.107934221,3.107063,0,170.019496,129453.293,50.059323,129453.293,-69.929499,129478.3663,-9.224621,571.66942,-133.4476,600.05147,111.354348,566.17612,170.048144,129453.293,0,0,0,0,-10.496587,578.99382,46.082995,19.04344,179.988962,18.12789,59.955,0.03,7.048259373,3.112984,0,179.003474,132562.3785,58.997464,131960.62,-60.991357,132637.5983,176.768939,565.44368,52.448557,594.55817,-62.71596,560.3166,179.009204,132386.8656,0,0,0,0,175.445406,573.1343,-126.812749,19.22655,5.414451,18.311,59.96,0.02,7.308596582,0.022479,0,0,0,0,0,0,0,0,0,0,0,0,0
173.835395,127898.7503,53.858033,127848.6037,-66.153707,127948.8968,169.859068,598.22037,46.730438,620.01046,-69.671668,592.54396,173.852584,127898.7503,0,0,0,0,168.942336,603.34745,-134.920102,15.19813,1.598552,13.91636,59.991,0.04,6.493875972,0.061339,0,164.176943,124905.125,44.233705,124773.4922,-75.808413,124998.0703,-15.575867,603.939087,-138.655709,627.033203,104.993593,600.007996,164.204414,124891.7578,0,0,0,0,-16.438293,610.084534,39.767762,14.774323,175.910347,14.7686,59.990002,0.04,6.301676813,3.12847,0,164.175327,124488.7856,44.215153,124463.7123,-75.767939,124463.7123,-15.733421,601.69946,-138.701623,622.94022,104.765333,596.57238,164.209704,124463.7123,0,0,0,0,-16.581399,606.82654,39.396578,14.46569,176.316302,13.73325,59.99,0.01,6.271917498,3.132672,0,173.875502,127923.8235,53.89241,127296.9918,-66.10787,127999.0434,169.859068,594.74128,46.707519,616.89759,-69.751882,590.34664,173.886961,127748.3107,0,0,0,0,168.913688,600.41769,-133.797104,14.83191,-0.022918,13.91636,59.991,0.01,6.532938208,0.059911,0,0,0,0,0,0,0,0,0,0,0,0,0
-170.930499,133565.3093,69.092981,133515.1628,-50.91303,133615.4558,-164.26127,252.32558,71.333245,265.87572,-43.665114,248.11405,-170.91904,133565.3093,0,0,0,0,-165.601992,255.25534,-107.802009,9.52172,29.283873,8.23995,60.007,-0.01,16.54496149,-0.124986,0,-174.921568,132960.9375,65.151672,132805.8906,-54.906924,133033.0313,2.304382,256.410583,-122.000429,270.349487,123.027649,253.572464,-174.894111,132933.8594,0,0,0,0,1.040955,259.906769,58.180849,9.03511,-165.912781,8.691788,60.007,-0.01,16.25244265,-3.105004,0,-174.918285,132487.1587,65.133842,132437.0121,-54.866438,132487.1587,2.17151,254.70601,-121.994174,267.88993,122.767667,251.59314,-174.883908,132462.0854,0,0,0,0,0.922462,258.00199,58.77974,8.78928,-165.61918,8.05684,60.007,-0.01,16.20382727,-3.101428,0,-170.861744,133615.4558,69.144547,132938.4775,-50.855734,133665.6024,-164.175327,249.57893,71.293138,263.86151,-43.584899,247.74783,-170.861744,133414.8697,0,0,0,0,-165.556155,253.60735,-106.931113,8.97239,25.049715,8.78928,60.007,-0.01,16.83571721,-0.134433,0,0,0,0,0,0,0,0,0,0,0,0,0
-170.277327,133540.236,69.746152,133490.0895,-50.265587,133590.3826,-164.118031,253.79046,71.894744,266.60816,-43.533333,250.12826,-170.271598,133540.236,0,0,0,0,-165.309783,256.72022,-106.959761,8.60617,29.965693,7.69062,60.005,0,16.33164005,-0.114101,0,-174.267892,132939.5938,65.79987,132791.7969,-54.258729,133022.1094,2.502136,257.709503,-121.412664,270.544067,123.22541,255.380631,-174.245912,132916.4219,0,0,0,0,1.381531,261.039734,58.081968,8.176804,-165.682071,8.079529,60.002998,0,16.04464133,-3.096026,0,-174.265113,132462.0854,65.775555,132437.0121,-54.218996,132487.1587,2.406423,255.98778,-121.398298,267.70682,123.054146,253.05802,-174.236466,132462.0854,0,0,0,0,1.300614,258.73443,57.587988,8.05684,-165.441563,7.50751,60.003,0,15.99431749,-3.09303,0,-170.214302,133590.3826,69.797719,132938.4775,-50.202562,133640.5291,-163.946144,251.22692,72.020795,263.6784,-43.498956,249.76204,-170.208572,133389.7964,0,0,0,0,-165.195192,254.70601,-106.232105,7.87373,24.241844,7.69062,60.005,0,16.49004424,-0.126238,0,0,0,0,0,0,0,0,0,0,0,0,0
-169.687181,133013.6974,70.353488,132963.5508,-49.663982,133063.8439,-164.507642,258.00199,72.175493,267.70682,-44.152128,255.25534,-169.669992,133013.6974,0,0,0,0,-165.527507,260.19931,-108.082759,6.95818,26.310222,6.04263,60.001,0,15.67285829,-0.099665,0,-173.702093,132385.7188,66.360171,132235.3281,-53.692933,132472.6406,2.183533,261.880859,-121.20392,272.535339,122.906809,259.849548,-173.680113,132362.8594,0,0,0,0,1.255188,264.621735,55.401307,7.083893,-166.533508,7.083893,60,0,15.5217516,-3.079729,0,-173.703615,131910.4735,66.342783,131885.4002,-53.646038,131935.5467,2.148592,260.0162,-121.237869,270.27036,122.658805,257.26955,-173.674967,131910.4735,0,0,0,0,1.157375,262.39663,57.118163,7.14129,-166.146301,6.59196,59.999,0,15.49677934,-3.077898,0,-169.612696,133038.7706,70.399324,132411.9389,-49.600956,133113.9904,-164.324296,254.88912,72.22133,265.5095,-43.922945,253.79046,-169.606967,132838.1845,0,0,0,0,-165.378538,257.81888,-107.211863,6.77507,23.262086,6.77507,60,0,15.97401857,-0.107091,0,0,0,0,0,0,0,0,0,0,0,0,0
-169.652803,132537.3052,70.376406,132487.1587,-49.635334,132612.525,-165.361349,261.29797,71.740046,269.35481,-45.2121,259.28376,-169.635614,132537.3052,0,0,0,0,-166.301,263.31218,-108.415074,5.85952,21.58905,5.12708,60,0,15.22519934,-0.085928,0,-173.702093,131914.1719,66.365663,131766.7813,-53.687442,131993.6094,1.425476,265.457153,-121.291811,273.159027,121.753245,264.249817,-173.674622,131888.6719,0,0,0,0,0.606995,267.539978,55.758362,5.395889,-172.24091,5.241394,60,0,14.91920225,-3.068617,0,-173.692156,131434.0813,66.342783,131409.0081,-53.651768,131484.2279,1.294885,263.49529,-121.295165,271.55213,121.621751,261.8473,-173.669237,131434.0813,0,0,0,0,0.515662,265.5095,58.338563,5.4933,-167.962578,5.12708,60,0,14.96757026,-3.061833,0,-169.589778,132587.4518,70.427972,131935.5467,-49.572308,132662.6716,-165.338431,258.73443,71.734316,267.52371,-45.005835,257.81888,-169.584048,132386.8656,0,0,0,0,-166.232245,261.29797,-108.890629,5.67641,21.31976,5.67641,60,0,15.48351029,-0.087138,0,0,0,0,0,0,0,0,0,0,0,0,0
-169.681451,132487.1587,70.359217,132437.0121,-49.658252,132537.3052,-165.584803,262.21352,71.648372,269.90414,-45.452742,260.38242,-169.664262,132487.1587,0,0,0,0,-166.490076,264.04462,-107.968167,5.4933,20.90723,4.94397,60,0,15.12493763,-0.082368,0,-173.729564,131856.4375,66.338199,131697.2344,-53.714906,131932.6406,1.183777,266.223908,-121.390685,273.862854,121.571958,265.377045,-173.702093,131827.9844,0,0,0,0,0.431213,268.415466,55.285952,5.098343,-171.999217,5.195618,60,0,14.86183928,-3.064214,0,-173.726533,131383.9348,66.319865,131333.7883,-53.680416,131409.0081,1.151645,264.04462,-121.415486,271.55213,121.341002,262.94596,-173.697885,131358.8615,0,0,0,0,0.338045,266.24194,58.573475,5.12708,-172.511863,4.76086,60,0,14.87460182,-3.063379,0,-169.606967,132512.232,70.405054,131885.4002,-49.595227,132587.4518,-165.676476,259.64998,71.745775,267.70682,-45.286584,258.55132,-169.606967,132336.7191,0,0,0,0,-166.43278,261.8473,-109.595367,5.12708,23.600132,5.12708,59.999,0,15.33917813,-0.077613,0,0,0,0,0,0,0,0,0,0,0,0,0
-169.784583,132361.7923,70.238896,132311.6458,-49.755655,132411.9389,-166.312459,264.59395,71.310327,270.45347,-46.300719,262.76285,-169.767395,132361.7923,0,0,0,0,-167.1146,265.87572,-109.383373,4.76086,17.521049,3.84531,60,0,14.80164101,-0.070951,0,-173.83942,131718.7344,66.228335,131575.6406,-53.830261,131806.1563,0.431213,268.306732,-121.676337,274.784088,120.704046,267.637268,-173.817454,131698.7969,0,0,0,0,-0.189514,270.195007,56.527407,4.205704,-172.416692,4.257202,60,0,14.57989874,-3.050457,0,-173.841125,131233.4952,66.199544,131233.4952,-53.783548,131283.6417,0.303668,267.15749,-121.684777,272.65079,120.55605,264.96017,-173.812477,131258.5685,0,0,0,0,-0.286479,268.07304,54.557041,4.39464,-167.509941,3.6622,59.999,0,14.51000046,-3.04351,0,-169.715829,132411.9389,70.290462,131760.0339,-49.704089,132462.0854,-166.243704,261.48108,71.419189,268.25615,-46.082995,260.74864,-169.710099,132211.3527,0,0,0,0,-166.98282,263.49529,-108.884899,4.57775,18.621128,4.39464,60,0,15.06805209,-0.071562,0,0,0,0,0,0,0,0,0,0,0,0,0
-169.796043,132361.7923,70.215978,132311.6458,-49.790032,132411.9389,-166.467158,264.77706,71.321786,269.72103,-46.506984,262.94596,-169.790313,132361.7923,0,0,0,0,-167.229192,265.87572,-110.380319,4.39464,15.6131,3.47909,60,0,14.71434915,-0.06849,0,-173.866891,131706.5469,66.200871,131557.375,-53.857729,131792.875,0.4422,268.215179,-121.83563,275.001526,120.616155,267.894745,-173.83942,131684.7969,0,0,0,0,-0.271912,270.315186,57.906194,4.365921,-175.767528,4.440308,60,0,14.60297515,-3.054279,0,-173.864043,131233.4952,66.176625,131183.3486,-53.817926,131283.6417,0.183346,266.97438,-121.753532,272.65079,120.55032,265.32639,-173.841125,131233.4952,0,0,0,0,-0.349504,268.25615,53.090269,4.21153,-168.151654,3.84531,59.999,0,14.55237893,-3.042246,0,-169.738747,132386.8656,70.279003,131760.0339,-49.727007,132437.0121,-166.398403,261.66419,71.459296,268.25615,-46.266342,261.11486,-169.738747,132186.2794,0,0,0,0,-167.080223,263.6784,-106.879547,4.21153,19.55505,4.02842,59.999,0,15.00962557,-0.067828,0,0,0,0,0,0,0,0,0,0,0,0,0
-175.416759,131960.62,64.61818,131910.4735,-55.38783,132035.8398,-177.106984,391.48918,62.17165,392.40473,-57.209836,390.75674,-175.39957,131960.62,0,0,0,0,-177.382004,391.48918,0,0,0,0,59.986,0.01,9.649357394,0.023481,0,178.689879,130692.5469,58.746641,130551.8516,-61.300968,130777.8047,-6.105652,395.496368,-126.73554,398.391724,113.969424,395.719544,178.71735,130674.6719,0,0,0,0,-6.286927,396.514893,0,0,0,0,59.986,0.02,9.515259254,-3.061403,0,178.688348,130230.5644,58.728174,130205.4911,-61.266377,130255.6377,-6.147837,392.77095,-126.715346,395.33449,113.90401,392.22162,178.722725,130230.5644,0,0,0,0,-6.319724,393.50339,0,0,0,0,59.986,0.01,9.528592448,-3.058679,0,-175.348004,132010.7666,64.675476,131383.9348,-55.324805,132085.9864,-177.101255,388.01009,62.360726,390.57363,-57.01503,387.64387,-175.336545,131810.1804,0,0,0,0,-177.255953,388.74253,0,0,0,0,59.986,0.02,9.781010582,0.029217,0,0,0,0,0,0,0,0,0,0,0,0,0
-178.739914,131308.715,61.295025,131258.5685,-58.716715,131358.8615,179.123796,394.41894,58.487532,395.33449,-61.134597,394.96827,-178.722725,131308.715,0,0,0,0,178.825857,394.96827,0,0,0,0,60,0,9.503620193,0.028845,0,175.295111,129995.1953,55.357362,129846.7109,-64.695743,130073.25,-9.983826,399.433136,-130.256653,401.40152,110.16266,399.393066,175.322582,129970.3672,0,0,0,0,-10.027771,400.068298,0,0,0,0,60,0,9.328912241,-3.049173,0,175.302167,129528.5128,55.330534,129503.4396,-64.664017,129578.6594,-10.089787,397.16559,-130.261955,398.26425,110.070922,396.25004,175.325085,129528.5128,0,0,0,0,-10.095516,397.16559,0,0,0,0,59.999,0,9.322416452,-3.045245,0,-178.682618,131358.8615,61.329402,130706.9565,-58.665149,131409.0081,179.089418,391.30607,58.676608,393.50339,-60.974169,391.12296,-178.671159,131158.2754,0,0,0,0,178.92899,392.03851,0,0,0,0,60,0,9.608859568,0.037518,0,0,0,0,0,0,0,0,0,0,0,0,0
-178.739914,131308.715,61.289295,131283.6417,-58.716715,131358.8615,179.123796,394.41894,58.498991,395.33449,-61.151785,394.96827,-178.728455,131308.715,0,0,0,0,178.825857,394.78516,0,0,0,0,59.999,0,9.499866397,0.028934,0,175.295111,129994.6563,55.357362,129846.2734,-64.695743,130079.9609,-10.000305,399.496094,-130.24567,401.498779,110.146185,399.295807,175.322582,129972.5156,0,0,0,0,-10.033264,400.085449,0,0,0,0,60,0,9.324473754,-3.04813,0,175.296437,129528.5128,55.330534,129503.4396,-64.664017,129578.6594,-10.04395,396.98248,-130.273414,398.08114,110.065192,396.25004,175.325085,129528.5128,0,0,0,0,-10.084057,397.16559,0,0,0,0,60,0,9.325684924,-3.047434,0,-178.682618,131358.8615,61.335132,130706.9565,-58.665149,131409.0081,179.089418,391.12296,58.676608,393.32028,-60.974169,391.48918,-178.671159,131158.2754,0,0,0,0,178.92899,392.03851,0,0,0,0,60,0,9.615872478,0.036237,0,0,0,0,0,0,0,0,0,0,0,0,0
-178.911801,131534.3744,61.111678,131509.3012,-58.894332,131609.5942,178.802939,394.41894,58.281267,394.60205,-61.369509,394.41894,-178.900342,131559.4477,0,0,0,0,178.573756,394.41894,0,0,0,0,60,0,9.506657489,0.033269,0,175.1468,130246.0234,55.209047,130096.9531,-64.849552,130335.5469,-10.209045,399.072632,-130.448922,400.194153,109.717714,399.953857,175.168766,130224.2344,0,0,0,0,-10.313416,399.730682,0,0,0,0,60,0,9.30957699,-3.051549,0,175.141739,129779.2455,55.187295,129779.2455,-64.801527,129804.3188,-10.284592,397.3487,-130.388005,397.3487,109.624015,396.43315,175.176116,129779.2455,0,0,0,0,-10.347618,396.98248,0,0,0,0,60,0,9.274330491,-3.046343,0,-178.854505,131584.521,61.151785,130932.6159,-58.837036,131659.7408,178.694077,391.67229,58.544828,392.40473,-61.243459,391.48918,-178.848776,131383.9348,0,0,0,0,178.665429,391.8554,0,0,0,0,60,0,9.583268054,0.042755,0,0,0,0,0,0,0,0,0,0,0,0,0
-179.118066,131584.521,60.905414,131559.4477,-59.106326,131659.7408,178.430517,394.41894,58.046354,394.78516,-61.661718,395.33449,-179.106607,131609.5942,0,0,0,0,178.270088,394.78516,0,0,0,0,60,0,9.515625213,0.036275,0,174.943548,130306.1094,55.005802,130149.1094,-65.047307,130383.2422,-10.538635,399.44458,-130.641179,400.314331,109.349676,399.988159,174.971019,130280.0625,0,0,0,0,-10.604553,399.913788,0,0,0,0,60,0,9.280313717,-3.047411,0,174.941204,129829.3921,54.98103,129804.3188,-65.013521,129879.5386,-10.622638,396.79937,-130.634377,397.3487,109.354725,396.79937,174.969852,129854.4653,0,0,0,0,-10.634097,396.98248,0,0,0,0,60,0,9.30460215,-3.04385,0,-179.0665,131634.6675,60.95125,131007.8358,-59.04903,131684.814,178.356032,392.22162,58.338563,392.40473,-61.541397,391.48918,-179.06077,131434.0813,0,0,0,0,178.39041,392.03851,0,0,0,0,60,0,9.554161943,0.047091,0,0,0,0,0,0,0,0,0,0,0,0,0
179.06077,131258.5685,59.083408,131208.4219,-60.922602,131333.7883,175.714697,430.3085,55.445126,430.49161,-64.366079,431.40716,179.072229,131258.5685,0,0,0,0,175.594376,430.67472,0,0,0,0,59.997,0,8.688679936,0.052811,0,172.565003,129744.8516,52.621765,129596.4688,-67.425845,129828.9844,-12.466736,435.556397,-132.486887,436.317444,107.503967,436.031342,172.592474,129721,0,0,0,0,-12.483216,435.962677,0,0,0,0,59.999001,0.01,8.474855147,-3.054026,0,172.569158,129277.7801,52.614714,129252.7069,-67.391296,129277.7801,-12.467562,432.32271,-132.439194,432.32271,107.435316,432.50582,172.603536,129277.7801,0,0,0,0,-12.49048,432.32271,0,0,0,0,60,0.01,8.482658029,-3.054041,0,179.112336,131308.715,59.123515,130656.81,-60.859577,131358.8615,175.743345,427.01252,55.685768,428.11118,-64.251487,426.82941,179.129525,131108.1288,0,0,0,0,175.731885,427.37874,0,0,0,0,59.999,0.01,8.75944605,0.060092,0,0,0,0,0,0,0,0,0,0,0,0,0
178.642511,131208.4219,58.670878,131183.3486,-61.340862,131283.6417,175.290708,429.75917,54.946653,430.85783,-64.807256,431.95649,178.6597,131233.4952,0,0,0,0,175.147468,430.85783,0,0,0,0,60,0,8.717985141,0.050909,0,172.142036,129706.2109,52.204287,129554.0625,-67.848818,129780.2578,-12.966614,435.905457,-132.920836,436.483398,107.091984,436.437622,172.169494,129677.2266,0,0,0,0,-12.928162,436.271668,0,0,0,0,60,0,8.469074515,-3.051976,0,172.14517,129252.7069,52.190726,129202.5603,-67.815285,129252.7069,-12.937387,433.05515,-132.972045,432.68893,107.034246,432.68893,172.179547,129227.6336,0,0,0,0,-12.954576,432.87204,0,0,0,0,60,0,8.474644024,-3.053149,0,178.694077,131258.5685,58.710985,130631.7367,-61.277836,131308.715,175.227683,427.74496,55.273239,427.92807,-64.75569,427.56185,178.711266,131057.9823,0,0,0,0,175.250601,427.74496,0,0,0,0,60,0,8.720047284,0.061755,0,0,0,0,0,0,0,0,0,0,0,0,0
178.625322,131208.4219,58.64796,131208.4219,-61.36378,131308.715,175.25633,429.94228,54.923734,430.49161,-64.818715,431.77338,178.636781,131233.4952,0,0,0,0,175.12455,430.85783,0,0,0,0,59.999,0,8.707243508,0.051423,0,172.125548,129718.5078,52.187805,129567.7266,-67.870791,129794.75,-12.999573,435.447693,-132.915345,436.637878,107.059022,436.420441,172.153019,129692.5,0,0,0,0,-12.950134,436.168671,0,0,0,0,60,0,8.485137459,-3.051275,0,172.127981,129252.7069,52.167807,129252.7069,-67.821014,129277.7801,-12.994683,433.05515,-132.926209,432.87204,107.011327,432.32271,172.156629,129252.7069,0,0,0,0,-12.966035,432.87204,0,0,0,0,59.999,0,8.471003981,-3.05007,0,178.676888,131258.5685,58.682337,130631.7367,-61.300755,131333.7883,175.233412,427.56185,55.233131,427.92807,-64.772879,427.37874,178.688348,131083.0556,0,0,0,0,175.227683,427.56185,0,0,0,0,60,0,8.727502516,0.060991,0,0,0,0,0,0,0,0,0,0,0,0,0
178.619593,131233.4952,58.64223,131208.4219,-61.36378,131308.715,175.26206,429.75917,54.935193,430.85783,-64.812986,431.77338,178.636781,131233.4952,0,0,0,0,175.13028,430.85783,0,0,0,0,60,0,8.72058651,0.051681,0,172.120057,129715.9609,52.182314,129573.5469,-67.870791,129801.4141,-12.9776,435.585022,-132.931833,436.603546,107.037049,436.620728,172.147528,129695.7813,0,0,0,0,-12.955627,436.26593,0,0,0,0,60,0,8.477809316,-3.052738,0,172.127981,129252.7069,52.156348,129252.7069,-67.826744,129302.8534,-13.000412,433.23826,-132.943397,432.87204,106.999868,432.50582,172.150899,129252.7069,0,0,0,0,-12.977494,432.87204,0,0,0,0,59.999,0,8.465239007,-3.050387,0,178.671159,131258.5685,58.688067,130631.7367,-61.306484,131333.7883,175.227683,427.37874,55.25032,427.92807,-64.772879,427.37874,178.688348,131083.0556,0,0,0,0,175.233412,427.56185,0,0,0,0,60,0,8.733168983,0.061162,0,0,0,0,0,0,0,0,0,0,0,0,0
178.608134,131233.4952,58.636501,131208.4219,-61.375239,131308.715,175.26779,429.75917,54.912275,430.67472,-64.824445,431.59027,178.625322,131258.5685,0,0,0,0,175.118821,430.67472,0,0,0,0,59.999,0,8.717570983,0.051104,0,172.114565,129722.5234,52.171328,129583.4922,-67.881774,129805.5781,-12.988587,435.7052,-132.937324,436.494812,107.031557,436.180115,172.136545,129703.8125,0,0,0,0,-12.961121,436.117188,0,0,0,0,60,0,8.471009888,-3.051714,0,172.122251,129252.7069,52.167807,129227.6336,-67.849662,129277.7801,-12.994683,432.87204,-132.977775,432.68893,106.948302,432.50582,172.14517,129252.7069,0,0,0,0,-13.006142,432.68893,0,0,0,0,60,0,8.472192184,-3.05176,0,178.665429,131283.6417,58.676608,130631.7367,-61.312214,131333.7883,175.210494,427.56185,55.233131,428.11118,-64.801527,427.19563,178.676888,131083.0556,0,0,0,0,175.210494,427.56185,0,0,0,0,60,0,8.728108385,0.0621,0,0,0,0,0,0,0,0,0,0,0,0,0
178.367491,131333.7883,58.390129,131308.715,-61.610152,131409.0081,174.981311,429.57606,54.70601,430.67472,-65.03071,431.59027,178.38468,131358.8615,0,0,0,0,174.883908,430.67472,0,0,0,0,59.999,0,8.734981637,0.053013,0,171.883855,129848.8672,51.9516,129692.8438,-68.106999,129925.0625,-13.290711,435.098633,-133.19,436.368958,106.784366,436.174377,171.911326,129821.5938,0,0,0,0,-13.230286,435.882568,0,0,0,0,60,0,8.502667718,-3.050259,0,171.887339,129378.0732,51.927165,129327.9267,-68.078845,129403.1465,-13.241055,432.68893,-133.166851,432.32271,106.719119,432.1396,171.915986,129378.0732,0,0,0,0,-13.229595,432.32271,0,0,0,0,60,0,8.477946036,-3.050693,0,178.424787,131383.9348,58.435966,130757.1031,-61.552856,131459.1546,174.998499,427.56185,55.026867,427.74496,-65.059358,427.19563,178.436246,131208.4219,0,0,0,0,174.99277,427.56185,0,0,0,0,60,0,8.722762063,0.060993,0,0,0,0,0,0,0,0,0,0,0,0,0
178.195604,131358.8615,58.218242,131333.7883,-61.776309,131434.0813,174.775046,429.39295,54.545582,430.85783,-65.16249,431.40716,178.212793,131358.8615,0,0,0,0,174.71775,430.67472,0,0,0,0,60,0,8.751752168,0.054935,0,171.719056,129853.6641,51.775819,129709.1016,-68.271791,129941.5234,-13.389588,435.327515,-133.371287,436.145783,106.592103,436.283112,171.741036,129832.7578,0,0,0,0,-13.389588,435.905457,0,0,0,0,60,0,8.486913092,-3.053103,0,171.721181,129378.0732,51.755278,129352.9999,-68.245003,129428.2197,-13.447319,432.87204,-133.378845,432.32271,106.57588,432.1396,171.744099,129403.1465,0,0,0,0,-13.412942,432.50582,0,0,0,0,60,0,8.480161101,-3.049734,0,178.258629,131409.0081,58.258349,130782.1763,-61.724743,131459.1546,174.786505,427.56185,54.84925,427.56185,-65.208327,427.19563,178.264359,131208.4219,0,0,0,0,174.809423,427.56185,0,0,0,0,60,0,8.727307118,0.062149,0,0,0,0,0,0,0,0,0,0,0,0,0
178.178415,131358.8615,58.206782,131333.7883,-61.799228,131434.0813,174.752128,429.39295,54.505475,430.85783,-65.208327,431.40716,178.201333,131358.8615,0,0,0,0,174.683373,430.67472,0,0,0,0,60,0,8.750154694,0.05475,0,171.697091,129860.9609,51.759341,129709.2969,-68.288272,129935.5469,-13.44452,435.024262,-133.371287,436.122894,106.58112,436.174377,171.724548,129831.9688,0,0,0,0,-13.411561,435.768127,0,0,0,0,60,0,8.49871682,-3.051729,0,171.703992,129378.0732,51.732359,129378.0732,-68.256462,129453.293,-13.475967,432.87204,-133.396034,432.32271,106.57588,432.1396,171.73264,129403.1465,0,0,0,0,-13.43586,432.50582,0,0,0,0,59.999,0,8.482946523,-3.049303,0,178.235711,131409.0081,58.246889,130782.1763,-61.741932,131459.1546,174.786505,427.56185,54.84352,427.74496,-65.242704,427.19563,178.2529,131208.4219,0,0,0,0,174.797964,427.56185,0,0,0,0,60,0,8.725685996,0.061831,0,0,0,0,0,0,0,0,0,0,0,0,0
178.10966,131358.8615,58.132298,131333.7883,-61.873712,131434.0813,174.654725,429.39295,54.476827,431.04094,-65.242704,431.40716,178.126849,131358.8615,0,0,0,0,174.631806,430.67472,0,0,0,0,59.999,0,8.755139957,0.05656,0,171.631166,129853.7188,51.687928,129715.0313,-68.365173,129943.7266,-13.493958,435.218811,-133.470161,436.151489,106.520693,436.283112,171.653145,129835.7422,0,0,0,0,-13.477479,435.876831,0,0,0,0,60,0,8.494922837,-3.052707,0,171.629508,129378.0732,51.663604,129378.0732,-68.319487,129428.2197,-13.527534,433.05515,-133.413223,432.32271,106.501395,432.1396,171.658155,129403.1465,0,0,0,0,-13.475967,432.50582,0,0,0,0,59.999,0,8.470037593,-3.049244,0,178.166956,131409.0081,58.178135,130782.1763,-61.810687,131484.2279,174.694832,427.56185,54.734658,427.74496,-65.29427,427.01252,178.178415,131208.4219,0,0,0,0,174.712021,427.37874,0,0,0,0,60,0,8.732122735,0.062543,0,0,0,0,0,0,0,0,0,0,0,0,0
178.098201,131358.8615,58.120839,131333.7883,-61.890901,131434.0813,174.666184,429.57606,54.465368,430.85783,-65.259893,431.22405,178.11539,131358.8615,0,0,0,0,174.626077,430.49161,0,0,0,0,60,0,8.742934356,0.056042,0,171.614691,129859.3438,51.676941,129714.3906,-68.376163,129934.5703,-13.537903,435.25885,-133.497618,436.346069,106.531683,436.071411,171.636657,129835.6484,0,0,0,0,-13.499451,435.888306,0,0,0,0,60,0,8.501580235,-3.051103,0,171.612319,129403.1465,51.657875,129352.9999,-68.348135,129403.1465,-13.538993,433.05515,-133.464789,432.32271,106.449829,432.32271,171.640967,129378.0732,0,0,0,0,-13.516074,432.50582,0,0,0,0,60,0,8.470647013,-3.050338,0,178.149767,131409.0081,58.160946,130782.1763,-61.827876,131459.1546,174.71775,427.56185,54.746117,427.74496,-65.322918,427.19563,178.161226,131208.4219,0,0,0,0,174.71775,427.56185,0,0,0,0,60,0,8.726793949,0.061149,0,0,0,0,0,0,0,0,0,0,0,0,0
178.092472,131358.8615,58.115109,131333.7883,-61.890901,131434.0813,174.660454,429.57606,54.44245,430.85783,-65.282811,431.22405,178.10966,131358.8615,0,0,0,0,174.608888,430.67472,0,0,0,0,59.999,0,8.742145122,0.055775,0,171.6092,129858.3203,51.67145,129714.5859,-68.381655,129937.9922,-13.537903,435.155884,-133.481144,436.225891,106.493229,436.094299,171.636657,129836.625,0,0,0,0,-13.504945,435.819641,0,0,0,0,60,0,8.497057252,-3.051413,0,171.612319,129403.1465,51.657875,129378.0732,-68.348135,129403.1465,-13.527534,433.05515,-133.476248,432.32271,106.461288,432.32271,171.640967,129378.0732,0,0,0,0,-13.510345,432.50582,0,0,0,0,60,0,8.472726102,-3.050813,0,178.149767,131409.0081,58.160946,130782.1763,-61.827876,131459.1546,174.712021,427.37874,54.769036,427.74496,-65.357296,427.19563,178.161226,131208.4219,0,0,0,0,174.712021,427.37874,0,0,0,0,60,0,8.727175262,0.061377,0,0,0,0,0,0,0,0,0,0,0,0,0
178.069553,131333.7883,58.092191,131333.7883,-61.90236,131434.0813,174.597429,429.39295,54.43672,431.04094,-65.271352,431.22405,178.092472,131358.8615,0,0,0,0,174.591699,430.49161,0,0,0,0,60,0,8.755166176,0.057554,0,171.58722,129858.2656,51.649477,129715.9609,-68.398136,129939.4141,-13.53241,435.304627,-133.481144,436.071411,106.438294,436.185852,171.614691,129836.9688,0,0,0,0,-13.521424,435.836792,0,0,0,0,60,0,8.482210081,-3.052466,0,171.589401,129403.1465,51.634957,129403.1465,-68.359595,129428.2197,-13.57337,433.05515,-133.470518,432.32271,106.449829,431.95649,171.618048,129403.1465,0,0,0,0,-13.527534,432.50582,0,0,0,0,59.999,0,8.471281993,-3.048919,0,178.126849,131409.0081,58.138027,130782.1763,-61.850794,131484.2279,174.666184,427.74496,54.70601,427.74496,-65.351566,427.01252,178.138308,131208.4219,0,0,0,0,174.671913,427.37874,0,0,0,0,60,0,8.721164994,0.062372,0,0,0,0,0,0,0,0,0,0,0,0,0
-176.946556,132386.8656,63.088383,132386.8656,-56.923357,132462.0854,-177.98361,330.33044,61.850794,331.79532,-57.83436,331.97843,-176.929367,132411.9389,0,0,0,0,-177.995069,331.4291,0,0,0,0,60.001,0,11.48227132,0.014759,0,178.113097,131494.7344,58.169859,131341.75,-61.883242,131564.3281,-8.670959,336.032867,-128.575743,335.964203,111.349186,336.135864,178.135077,131464.8125,0,0,0,0,-8.632508,336.044312,0,0,0,0,60.002998,0,11.11131339,-3.022379,0,178.10966,131007.8358,58.138027,131007.8358,-61.850794,131083.0556,-8.737606,333.2602,-128.520163,333.62642,111.31424,333.07709,178.132579,131032.909,0,0,0,0,-8.651663,333.2602,0,0,0,0,60.003,0,11.16134923,-3.018124,0,-176.88926,132462.0854,63.134219,131810.1804,-56.866061,132512.232,-177.857559,329.23178,62.228946,329.04867,-57.857278,328.68245,-176.877801,132261.4993,0,0,0,0,-177.834641,329.04867,0,0,0,0,60.001,0,11.41476407,0.01911,0,0,0,0,0,0,0,0,0,0,0,0,0
-176.843424,131985.6933,63.191515,131960.62,-56.814495,132035.8398,-178.086742,331.61221,61.925279,333.62642,-57.748416,332.52776,-176.820505,131985.6933,0,0,0,0,-177.97215,332.71087,0,0,0,0,60,0,11.42396609,0.024221,0,178.184513,131042.3438,58.252259,130905.5156,-61.811832,131118.0469,-8.605042,336.914063,-128.548286,337.32605,111.45905,337.537781,178.206493,131022.7109,0,0,0,0,-8.561097,337.251648,0,0,0,0,59.999001,0,11.07049333,-3.023124,0,178.195604,130581.5902,58.223971,130531.4436,-61.776309,130606.6634,-8.623015,334.54197,-128.531622,334.35886,111.394455,334.35886,178.218522,130581.5902,0,0,0,0,-8.582908,334.35886,0,0,0,0,60,0,11.07892065,-3.021269,0,-176.780398,132035.8398,63.243081,131383.9348,-56.757199,132085.9864,-177.880477,330.14733,62.240405,330.14733,-57.817171,329.598,-176.763209,131835.2537,0,0,0,0,-177.823181,329.96422,0,0,0,0,60,0,11.3579076,0.022369,0,0,0,0,0,0,0,0,0,0,0,0,0
-176.883531,131960.62,63.151408,131960.62,-56.848872,132035.8398,-178.126849,331.61221,61.896631,333.62642,-57.794253,332.52776,-176.860612,131985.6933,0,0,0,0,-178.006528,332.52776,0,0,0,0,59.999,0,11.41931925,0.024341,0,178.146059,131041.5156,58.208313,130886.375,-61.850279,131122.7969,-8.670959,337.039948,-128.559269,337.406158,111.442569,337.406158,178.173531,131015.3125,0,0,0,0,-8.594056,337.280273,0,0,0,0,60,0,11.06576972,-3.021208,0,178.149767,130556.5169,58.183864,130531.4436,-61.810687,130606.6634,-8.663122,334.90819,-128.508704,334.35886,111.342888,334.35886,178.178415,130581.5902,0,0,0,0,-8.611556,334.54197,0,0,0,0,60,0,11.04462793,-3.020336,0,-176.809046,132035.8398,63.208704,131383.9348,-56.797306,132085.9864,-177.920584,330.14733,62.194569,330.14733,-57.874467,329.78111,-176.797587,131835.2537,0,0,0,0,-177.869018,329.96422,0,0,0,0,60,0,11.35672554,0.021942,0,0,0,0,0,0,0,0,0,0,0,0,0
-173.606212,132161.2062,66.428727,132136.1329,-53.577283,132236.426,-172.826989,259.28376,67.282434,261.66419,-52.322506,259.83309,-173.589023,132186.2794,0,0,0,0,-172.626454,260.19931,0,0,0,0,60.007,0,14.68323633,-0.006775,0,-177.492369,131594.7344,62.575379,131439.5,-57.477722,131664.375,-6.204529,264.369965,-126.153266,264.410034,113.854069,264.547363,-177.470404,131565.4531,0,0,0,0,-6.166077,264.438629,0,0,0,0,60.007,0,14.15372578,-2.989242,0,-177.496595,131108.1288,62.549802,131108.1288,-57.433289,131133.2021,-6.176485,262.76285,-126.085092,262.21352,113.812336,261.66419,-177.462218,131108.1288,0,0,0,0,-6.147837,262.21352,0,0,0,0,60.007,0.01,14.13117609,-2.986545,0,-173.520268,132236.426,66.486023,131584.521,-53.519988,132286.5725,-172.471756,257.81888,67.534535,258.1851,-52.488664,257.81888,-173.520268,132035.8398,0,0,0,0,-172.477485,258.00199,0,0,0,0,60.007,0,14.58472102,-0.017406,0,0,0,0,0,0,0,0,0,0,0,0,0
-172.070685,132612.525,67.969983,132587.4518,-52.047486,132687.7448,-171.199789,258.1851,69.047144,260.56553,-50.729683,258.73443,-172.053496,132637.5983,0,0,0,0,-170.964877,259.10065,0,0,0,0,60,0,14.76583205,-0.006801,0,-175.932313,132054.4844,64.129944,131910.4531,-55.917666,132144.5469,-4.64447,263.162598,-124.576722,263.477325,115.38117,263.75769,-175.910347,132035.625,0,0,0,0,-4.611512,263.465881,0,0,0,0,60,0,14.27290621,-2.989949,0,-175.926691,131584.521,64.113977,131559.4477,-55.874844,131609.5942,-4.652417,261.8473,-124.532377,261.48108,115.376511,260.74864,-175.898043,131584.521,0,0,0,0,-4.600851,261.29797,0,0,0,0,60,0,14.24340481,-2.98483,0,-171.996201,132687.7448,68.021549,132035.8398,-51.984461,132737.8914,-170.827367,257.08644,69.224761,257.08644,-50.77552,257.08644,-171.990471,132487.1587,0,0,0,0,-170.798719,257.08644,0,0,0,0,60.001,0,14.67051586,-0.019602,0,0,0,0,0,0,0,0,0,0,0,0,0
-172.013389,132537.3052,68.027279,132512.232,-51.984461,132612.525,-171.159682,258.73443,69.092981,260.56553,-50.678117,258.55132,-171.996201,132537.3052,0,0,0,0,-170.91904,259.28376,0,0,0,0,60,0,14.69759167,-0.005155,0,-175.882876,131979.5,64.184879,131824.1719,-55.868226,132056.0469,-4.578552,263.322815,-124.598701,263.460144,115.452573,263.64325,-175.86091,131952.5313,0,0,0,0,-4.573059,263.477325,0,0,0,0,60,0,14.26139084,-2.99075,0,-175.880854,131509.3012,64.165543,131459.1546,-55.834737,131509.3012,-4.629499,261.8473,-124.549566,261.48108,115.359323,260.93175,-175.852207,131484.2279,0,0,0,0,-4.600851,261.48108,0,0,0,0,60.001,0,14.23432287,-2.985674,0,-171.938905,132612.525,68.067386,131960.62,-51.927165,132662.6716,-170.804448,257.08644,69.276327,257.26955,-50.798438,257.26955,-171.933175,132411.9389,0,0,0,0,-170.78153,257.26955,0,0,0,0,60,0,14.6562229,-0.019013,0,0,0,0,0,0,0,0,0,0,0,0,0
-172.076415,132411.9389,67.969983,132386.8656,-52.041757,132462.0854,-171.257085,258.91754,69.09871,260.56553,-50.850004,258.73443,-172.053496,132411.9389,0,0,0,0,-170.999254,259.46687,0,0,0,0,60,0,14.63207791,-0.004023,0,-175.948801,131842.0938,64.124452,131686.6563,-55.928652,131918.7813,-4.655457,263.465881,-124.620667,264.083862,115.38117,263.935089,-175.92133,131814.8594,0,0,0,0,-4.627991,263.826355,0,0,0,0,60,0,14.25113487,-2.989264,0,-175.94388,131383.9348,64.113977,131358.8615,-55.892033,131358.8615,-4.703983,262.21352,-124.62405,261.66419,115.302027,261.29797,-175.909502,131358.8615,0,0,0,0,-4.669606,261.66419,0,0,0,0,60,0,14.19794684,-2.98585,0,-171.996201,132462.0854,68.01582,131835.2537,-51.99019,132512.232,-170.867474,257.26955,69.184654,257.63577,-50.855734,257.63577,-171.990471,132286.5725,0,0,0,0,-170.844555,257.45266,0,0,0,0,60,0,14.6441534,-0.019447,0,0,0,0,0,0,0,0,0,0,0,0,0
-172.168088,132361.7923,67.87258,132336.7191,-52.139159,132411.9389,-171.337299,259.28376,69.007037,260.56553,-50.958866,258.91754,-172.14517,132386.8656,0,0,0,0,-171.096657,259.64998,0,0,0,0,60,0,14.58479185,-0.004717,0,-176.047675,131792.7813,64.025579,131641.8438,-56.02753,131868.3438,-4.704895,263.751984,-124.708558,263.980866,115.282296,263.883606,-176.020204,131765.0625,0,0,0,0,-4.710388,263.866425,0,0,0,0,60,0,14.20714233,-2.990501,0,-176.041283,131333.7883,64.005115,131308.715,-55.989436,131333.7883,-4.807116,262.21352,-124.675616,262.03041,115.175976,261.48108,-176.006905,131308.715,0,0,0,0,-4.772738,261.8473,0,0,0,0,60,0,14.19503435,-2.984979,0,-172.087874,132437.0121,67.918417,131785.1071,-52.076134,132487.1587,-170.987795,257.26955,69.081521,257.63577,-50.987514,257.45266,-172.087874,132236.426,0,0,0,0,-170.970606,257.45266,0,0,0,0,59.999,0,14.63406586,-0.018132,0,0,0,0,0,0,0,0,0,0,0,0,0
